"","id","nom_estab","raz_social","codigo_act","nombre_act","per_ocu","tipo_vial","nom_vial","tipo_v_e_1","nom_v_e_1","tipo_v_e_2","nom_v_e_2","tipo_v_e_3","nom_v_e_3","numero_ext","letra_ext","edificio","edificio_e","numero_int","letra_int","tipo_asent","nomb_asent","tipoCenCom","nom_CenCom","num_local","cod_postal","cve_ent","entidad","cve_mun","municipio","cve_loc","localidad","ageb","manzana","telefono","correoelec","www","tipoUniEco","latitud","longitud","fecha_alta","palbusc"
"5126",6428380,"COMIC ROPA INFANTIL Y TENNIS","ST EVEN FASHION SA",463211,"Comercio al por menor de ropa, excepto de bebé y lencería","0 a 5 personas","PERIFÉRICO","RAÚL LÓPEZ SÁNCHEZ","CALLE","INDEPENDENCIA","CALLE","LIBRAMIENTO PERIFÉRICO RAÚL LÓPEZ SÁNCHEZ","CALLE","DEL OLIVO",0,"SN","","","","","COLONIA","EL FRESNO","","","",27018,5,"COAHUILA DE ZARAGOZA",35,"Torreón",1,"Torreón","761",38,"","","","Fijo",25.58125151,-103.4011884,"jul-10","COMIC ROPA INFANTIL Y TENNISComercio al por menor de ropa, excepto de bebé y lencería"
"12494",305532,"ROPA INFANTIL CIELO AZUL","",463211,"Comercio al por menor de ropa, excepto de bebé y lencería","0 a 5 personas","BOULEVARD","INDEPENDENCIA","CALLE","QUÉBEC","CALLE","PUERTO PRÍNCIPE","BOULEVARD","INDEPENDENCIA",2295,"","","","1","","COLONIA","SAN ISIDRO","","","",27100,5,"COAHUILA DE ZARAGOZA",35,"Torreón",1,"Torreón","47",11,"8712040502","","","Fijo",25.56862293,-103.4238568,"jul-10","ROPA INFANTIL CIELO AZULComercio al por menor de ropa, excepto de bebé y lencería"
"13120",279860,"TIENDA DE ROPA INFANTIL CARRUSEL","",463212,"Comercio al por menor de ropa de bebé","0 a 5 personas","CALZADA","DE ABASTOS","CALLE","RÍO NAZAS","CALLE","RÍO FUERTE","CALLE","RÍO FUERTE",727,"","","","","","COLONIA","ESTRELLA","","","",27010,5,"COAHUILA DE ZARAGOZA",35,"Torreón",1,"Torreón","66",19,"","","","Fijo",25.56261403,-103.4204417,"dic-14","TIENDA DE ROPA INFANTIL CARRUSELComercio al por menor de ropa de bebé"
"15102",300310,"BLAJUC FIESTAS INFANTILES","",531113,"Alquiler sin intermediación de salones para fiestas y convenciones","0 a 5 personas","AVENIDA","MARIANO ABASOLO","CALLE","ARRIAGA","CALLE","MORENO","AVENIDA","OCAMPO",637,"","","","","","COLONIA","CENTRO","","","",27000,5,"COAHUILA DE ZARAGOZA",35,"Torreón",1,"Torreón","263",26,"8717187427","","","Fijo",25.54225438,-103.4416023,"jul-10","BLAJUC FIESTAS INFANTILESAlquiler sin intermediación de salones para fiestas y convenciones"
"15186",282728,"FANTASÍA SALÓN DE FIESTAS INFANTILES","",531113,"Alquiler sin intermediación de salones para fiestas y convenciones","0 a 5 personas","BOULEVARD","DIAGONAL DE LAS FUENTES","CALLE","SERAFÍN","ANDADOR","ORIENTE","CERRADA","SAN OSCAR",328,"","","","","","COLONIA","LA FUENTE","","","",27090,5,"COAHUILA DE ZARAGOZA",35,"Torreón",1,"Torreón","2081",22,"873193951","","","Fijo",25.51399234,-103.4113622,"dic-14","FANTASÍA SALÓN DE FIESTAS INFANTILESAlquiler sin intermediación de salones para fiestas y convenciones"
"15208",279461,"HAPPY CASTLE SALON DE FIESTAS INFANTILES","",531113,"Alquiler sin intermediación de salones para fiestas y convenciones","0 a 5 personas","AVENIDA","GENERAL LÁZARO CÁRDENAS","CALLE","ANTIGUA CARRETERA A SAN PEDRO","CALLE","FRANCISCO I. MADERO","AVENIDA","ASTROS",0,"SN","","","","","FRACCIONAMIENTO","RINCON SAN JOSE","","","",27050,5,"COAHUILA DE ZARAGOZA",35,"Torreón",1,"Torreón","4020",28,"","","","Fijo",25.56712675,-103.3954677,"dic-14","HAPPY CASTLE SALON DE FIESTAS INFANTILESAlquiler sin intermediación de salones para fiestas y convenciones"
"15238",6429245,"JARDÍN DE FIESTAS INFANTILES","",531113,"Alquiler sin intermediación de salones para fiestas y convenciones","0 a 5 personas","CALLE","SAN JACINTO","ANDADOR","PONIENTE","CALLE","DEL ARCÁNGEL","","NINGUNO",0,"SN","","","","","COLONIA","LA FUENTE","","","",27090,5,"COAHUILA DE ZARAGOZA",35,"Torreón",1,"Torreón","2081",23,"","","","Fijo",25.51473443,-103.4147547,"jul-10","JARDÍN DE FIESTAS INFANTILESAlquiler sin intermediación de salones para fiestas y convenciones"
"15305",297479,"PUPPO SALÓN DE FIESTAS INFANTILES","",531113,"Alquiler sin intermediación de salones para fiestas y convenciones","0 a 5 personas","CALLE","RAYÓN","BOULEVARD","INDEPENDENCIA","BOULEVARD","CONSTITUCIÓN","PRIVADA","NINGUNO",566,"","","","","","COLONIA","AMPLIACION LOS ANGELES","","","",27140,5,"COAHUILA DE ZARAGOZA",35,"Torreón",1,"Torreón","1420",12,"8717411819","SALONPUPPE@HOTMAIL.COM","","Fijo",25.54735414,-103.4507172,"jul-10","PUPPO SALÓN DE FIESTAS INFANTILESAlquiler sin intermediación de salones para fiestas y convenciones"
"15426",6428165,"SALÓN DE EVENTOS INFANTILES","SALÓN DE EVENTOS INFANTILES",531113,"Alquiler sin intermediación de salones para fiestas y convenciones","0 a 5 personas","CALLE","TORRE DE ORIENTAL","CALLE","TORRE DEL REDENTOR","CALLE","TORRE DE CRISTAL","","NINGUNO",780,"","","","","","RESIDENCIAL","LAS TORRES","","","",27085,5,"COAHUILA DE ZARAGOZA",35,"Torreón",1,"Torreón","137A",12,"","","","Fijo",25.53885035,-103.3863438,"dic-14","SALÓN DE EVENTOS INFANTILESAlquiler sin intermediación de salones para fiestas y convenciones"
"15430",306003,"SALÓN DE FIESAS FANTASÍA INFANTIL","",531113,"Alquiler sin intermediación de salones para fiestas y convenciones","0 a 5 personas","AVENIDA","PRESIDENTE CARRANZA","CALLE","34","CALLE","36","CALLE","MAGDALENA MONDRAGÓN",3578,"","","","","","COLONIA","CENTRO","","","",27000,5,"COAHUILA DE ZARAGOZA",35,"Torreón",1,"Torreón","2043",8,"8717202099","","","Fijo",25.53622404,-103.4108559,"jul-10","SALÓN DE FIESAS FANTASÍA INFANTILAlquiler sin intermediación de salones para fiestas y convenciones"
"15439",304434,"SALON DE FIESTAS CAFÉ INFANTIL","SALON DE FIESTAS CAFÉ INFANTIL",531113,"Alquiler sin intermediación de salones para fiestas y convenciones","0 a 5 personas","BOULEVARD","CONSTITUCIÓN","CALLE","BATALLÓN SAN PATRICIO","BOULEVARD","CONSTITUCIÓN","BOULEVARD","INDEPENDENCIA",0,"SN","","","","","COLONIA","AMPLIACIÓN LOS ÁNGELES","","","",27140,5,"COAHUILA DE ZARAGOZA",35,"Torreón",1,"Torreón","1346",30,"8712042000","","","Fijo",25.54833504,-103.4504554,"jul-10","SALON DE FIESTAS CAFÉ INFANTILAlquiler sin intermediación de salones para fiestas y convenciones"
"15454",306438,"SALÓN DE FIESTAS INFANTIL SIN NOMBRE","",531113,"Alquiler sin intermediación de salones para fiestas y convenciones","0 a 5 personas","AVENIDA","HIDALGO","CALLE","JOAQUÍN MORENO","CALLE","ROSENDO GUERRERO","AVENIDA","PRESIDENTE CARRANZA",0,"SN","","","","","COLONIA","CENTRO","","","",27000,5,"COAHUILA DE ZARAGOZA",35,"Torreón",1,"Torreón","1473",30,"8717130108","","","Fijo",25.53722427,-103.4273171,"jul-10","SALÓN DE FIESTAS INFANTIL SIN NOMBREAlquiler sin intermediación de salones para fiestas y convenciones"
"15455",6429051,"SALÓN DE FIESTAS INFANTILES","",531113,"Alquiler sin intermediación de salones para fiestas y convenciones","0 a 5 personas","CALLE","TORRE BLANCA","CALLE","MEXICALI","CALLE","58","","NINGUNO",925,"","","","","","FRACCIONAMIENTO","HORIZONTE","","","",27277,5,"COAHUILA DE ZARAGOZA",35,"Torreón",1,"Torreón","137A",35,"","","","Fijo",25.53682296,-103.3823447,"jul-10","SALÓN DE FIESTAS INFANTILESAlquiler sin intermediación de salones para fiestas y convenciones"
"15456",310594,"SALÓN DE FIESTAS INFANTILES ABRIL","",531113,"Alquiler sin intermediación de salones para fiestas y convenciones","0 a 5 personas","AVENIDA","POPOCATÉPETL","CALLE","MONTE FRÍO","CALLE","MONTE MAKALU","CALLE","MONTE ROSA",202,"","","","","","COLONIA","VALLE DORADO","","","",27090,5,"COAHUILA DE ZARAGOZA",35,"Torreón",1,"Torreón","2077",6,"8717206292","","","Fijo",25.51256248,-103.4202179,"jul-10","SALÓN DE FIESTAS INFANTILES ABRILAlquiler sin intermediación de salones para fiestas y convenciones"
"15457",311992,"SALÓN DE FIESTAS INFANTILES EL CASTILLO DE MAXIM","",531113,"Alquiler sin intermediación de salones para fiestas y convenciones","0 a 5 personas","CALZADA","JOSÉ VASCONCELOS","","PEDRO RODRÍGUEZ TRIANA","CALLE","MISIÓN SANTA MARIA","BOULEVARD","PEDRO RODRÍGUEZ TRIANA",2041,"","","","","","FRACCIONAMIENTO","RESIDENCIAL LAS MISIONES","","","",27276,5,"COAHUILA DE ZARAGOZA",35,"Torreón",1,"Torreón","1064",49,"8717300144","","","Fijo",25.51385153,-103.3961417,"jul-10","SALÓN DE FIESTAS INFANTILES EL CASTILLO DE MAXIMAlquiler sin intermediación de salones para fiestas y convenciones"
"15458",311933,"SALÓN DE FIESTAS INFANTILES EL MUNDO DE TOMY","",531113,"Alquiler sin intermediación de salones para fiestas y convenciones","0 a 5 personas","CALZADA","DIVISIÓN DEL NORTE","CALZADA","MANUEL GÓMEZ MORÍN","CALLE","PASEO DEL CHARRO","CALLE","DE LA NOPALERA",282,"","","","","","COLONIA","RESIDENCIAL LA HACIENDA","","","",27276,5,"COAHUILA DE ZARAGOZA",35,"Torreón",1,"Torreón","1064",2,"8717304097","","","Fijo",25.52171887,-103.3939301,"jul-10","SALÓN DE FIESTAS INFANTILES EL MUNDO DE TOMYAlquiler sin intermediación de salones para fiestas y convenciones"
"15459",311953,"SALÓN DE FIESTAS INFANTILES LA HACIENDA DEL NIÑO","",531113,"Alquiler sin intermediación de salones para fiestas y convenciones","0 a 5 personas","CALZADA","DIVISIÓN DEL NORTE","CALLE","CIRCUITO DE LA HERRADURA","CALLE","PASEO DE LA CAPILLA","CALLE","PASEO DEL CAPORAL",192,"","","","","","COLONIA","RESIDENCIAL LA HACIENDA","","","",27276,5,"COAHUILA DE ZARAGOZA",35,"Torreón",1,"Torreón","1064",21,"8717304848","","","Fijo",25.51912288,-103.393941,"jul-10","SALÓN DE FIESTAS INFANTILES LA HACIENDA DEL NIÑOAlquiler sin intermediación de salones para fiestas y convenciones"
"15460",306269,"SALÓN DE FIESTAS INFANTILES LABERINTO","",531113,"Alquiler sin intermediación de salones para fiestas y convenciones","0 a 5 personas","CALZADA","ANTONIO DE JUAMBELZ (CALLE 32)","CALLE","PRIVADA ALFONSO REYES","AVENIDA","JUÁREZ","CALLE","34",289,"","","","","","COLONIA","CENTRO","","","",27000,5,"COAHUILA DE ZARAGOZA",35,"Torreón",1,"Torreón","1492",2,"8717175062","","","Fijo",25.53850618,-103.413952,"jul-10","SALÓN DE FIESTAS INFANTILES LABERINTOAlquiler sin intermediación de salones para fiestas y convenciones"
"15461",6428305,"SALÓN DE FIESTAS INFANTILES LOLLIPOP","LOLLIPOP",531113,"Alquiler sin intermediación de salones para fiestas y convenciones","0 a 5 personas","AUTOPISTA","TORREÓN-SAN PEDRO","CALLE","MADERO","CALLE","NINGUNO","CALLE","BLANCO",0,"SN","","","","","COLONIA","EJIDO LA CONCHA","","","",27422,5,"COAHUILA DE ZARAGOZA",35,"Torreón",152,"La Concha","3681",34,"8712280006","","","Fijo",25.63591192,-103.3758214,"dic-14","SALÓN DE FIESTAS INFANTILES LOLLIPOPAlquiler sin intermediación de salones para fiestas y convenciones"
"15462",6428134,"SALÓN DE FIESTAS INFANTILES MONCHITO","",531113,"Alquiler sin intermediación de salones para fiestas y convenciones","0 a 5 personas","CALZADA","CANAL DE LA CONCHA","CALLE","NOGAL AMERICANO","CALLE","DE LA LIBERTAD","","NINGUNO",0,"SN","","","","","FRACCIONAMIENTO","RINCON DE LOS NOGALES","","","",27087,5,"COAHUILA DE ZARAGOZA",35,"Torreón",1,"Torreón","4355",23,"","","","Fijo",25.54824858,-103.3636927,"jul-10","SALÓN DE FIESTAS INFANTILES MONCHITOAlquiler sin intermediación de salones para fiestas y convenciones"
"15463",306591,"SALÓN DE FIESTAS INFANTILES PAO","",531113,"Alquiler sin intermediación de salones para fiestas y convenciones","0 a 5 personas","CALLE","CESÁREO CASTRO","AVENIDA","FRANCISCO ORTIZ GARZA","AVENIDA","JOSÉ MARÍA RODRÍGUEZ","AVENIDA","FRANCISCO ORTIZ GARZA",899,"","","","","","COLONIA","TORREON JARDIN","","","",27200,5,"COAHUILA DE ZARAGOZA",35,"Torreón",1,"Torreón","371",53,"","","","Fijo",25.53104404,-103.4327194,"jul-10","SALÓN DE FIESTAS INFANTILES PAOAlquiler sin intermediación de salones para fiestas y convenciones"
"15464",279478,"SALÓN DE FIESTAS INFANTILES PEKELANDIA","SALON PEKELANDIA",531113,"Alquiler sin intermediación de salones para fiestas y convenciones","0 a 5 personas","CALLE","JUAN AGUSTÍN DE ESPINOZA","CALLE","NINGUNO","CALLE","PUERTA REAL","CALLE","JUAN AGUSTÍN DE ESPINOZA",570,"","","","","","FRACCIONAMIENTO","PUERTA DE HIERRO","","","",27058,5,"COAHUILA DE ZARAGOZA",35,"Torreón",1,"Torreón","4016",17,"8717317047","","","Fijo",25.55837258,-103.3869199,"dic-14","SALÓN DE FIESTAS INFANTILES PEKELANDIAAlquiler sin intermediación de salones para fiestas y convenciones"
"15465",311949,"SALÓN DE FIESTAS INFANTILES QUE ROLLO","",531113,"Alquiler sin intermediación de salones para fiestas y convenciones","0 a 5 personas","CALZADA","JOSÉ VASCONCELOS","AVENIDA","PASEO DEL TECNOLÓGICO","CALLE","DEL ARADO","CALZADA","DIVISIÓN DEL NORTE",909,"","","","","","COLONIA","RESIDENCIAL LA HACIENDA","","","",27276,5,"COAHUILA DE ZARAGOZA",35,"Torreón",1,"Torreón","1064",25,"8717311415","","","Fijo",25.51816084,-103.3960958,"jul-10","SALÓN DE FIESTAS INFANTILES QUE ROLLOAlquiler sin intermediación de salones para fiestas y convenciones"
"15466",297452,"SALÓN DE FIESTAS INFANTILES SIN NOMBRE","",531113,"Alquiler sin intermediación de salones para fiestas y convenciones","0 a 5 personas","CALLE","JOSÉ RENDUELES","CALLE","PEDRO FRANCO UGARTE","CALLE","JUAN TERRAZA","CALLE","RAMÍREZ",181,"BIS","","","","","COLONIA","AMPLIACION LOS ANGELES","","","",27140,5,"COAHUILA DE ZARAGOZA",35,"Torreón",1,"Torreón","1420",5,"","","","Fijo",25.5502253,-103.453425,"jul-10","SALÓN DE FIESTAS INFANTILES SIN NOMBREAlquiler sin intermediación de salones para fiestas y convenciones"
"15496",305740,"SALÓN INFANTIL SAN AGUSTIN","",531113,"Alquiler sin intermediación de salones para fiestas y convenciones","0 a 5 personas","CALLE","RÍO SENA","CALLE","RÍO SALADO","CALLE","RÍO CONCHOS","CALLE","NINGUNO",1465,"","","","","","COLONIA","MAGDALENAS","","","1465",27010,5,"COAHUILA DE ZARAGOZA",35,"Torreón",1,"Torreón","70",1,"8712195505","","","Fijo",25.56805537,-103.4176194,"jul-10","SALÓN INFANTIL SAN AGUSTINAlquiler sin intermediación de salones para fiestas y convenciones"
"15497",6429048,"SALÓN INFANTIL VILLA ALEGRE Y SALÓN EL FRESNO","",531113,"Alquiler sin intermediación de salones para fiestas y convenciones","0 a 5 personas","CALLE","FRANUSO DE FIGUEROA","CALLE","INDEPENDENCIA","CALLE","JUAN RAMÓN JIMÉNEZ","","NINGUNO",4045,"","","","","","RESIDENCIAL","EL FRESNO","","","",27018,5,"COAHUILA DE ZARAGOZA",35,"Torreón",1,"Torreón","776",32,"7509190","","","Fijo",25.5779643,-103.4056537,"jul-10","SALÓN INFANTIL VILLA ALEGRE Y SALÓN EL FRESNOAlquiler sin intermediación de salones para fiestas y convenciones"
"15511",300492,"SALÓN PARA FIESTAS INFANTILES GARO","",531113,"Alquiler sin intermediación de salones para fiestas y convenciones","0 a 5 personas","AVENIDA","JUÁREZ","CALLE","QUINTANA ROO","CALLE","FRANCISCO I. MADERO","CALLE","FRANCISCO I. MADERO",679,"","","","","","FRACCIONAMIENTO","CUARTA DE COBIAN","","","",27000,5,"COAHUILA DE ZARAGOZA",35,"Torreón",1,"Torreón","263",15,"8717188189","","","Fijo",25.53841856,-103.4410229,"jul-10","SALÓN PARA FIESTAS INFANTILES GAROAlquiler sin intermediación de salones para fiestas y convenciones"
"15745",305141,"CAJA MAGICA FOTOS INFANTILES","",541920,"Servicios de fotografía y videograbación","6 a 10 personas","AVENIDA","GÓMEZ FARÍAS","CALLE","GREGORIO A. GARCÍA","CALLE","NIÑOS HÉROES","AVENIDA","GÓMEZ FARÍAS",0,"SN","","","","","COLONIA","CENTRO","","","",27000,5,"COAHUILA DE ZARAGOZA",35,"Torreón",1,"Torreón","102",8,"8717131577","","WWW.CAJAMAGICA.COM","Fijo",25.55541652,-103.4371881,"jul-10","CAJA MAGICA FOTOS INFANTILESServicios de fotografía y videograbación"
"16103",306609,"FOTOGRAFÍA INFANTIL","",541850,"Agencias de anuncios publicitarios","0 a 5 personas","BOULEVARD","REVOLUCIÓN","CALLE","EGLANTINAS","CALLE","DALIAS","AVENIDA","LAGUNA SUR",2120,"L-14","","","","","COLONIA","TORREON JARDIN","","","",27200,5,"COAHUILA DE ZARAGOZA",35,"Torreón",1,"Torreón","371",49,"8711924771","","","Fijo",25.53550569,-103.4253858,"jul-10","FOTOGRAFÍA INFANTILAgencias de anuncios publicitarios"
"17518",294250,"COMUNIDAD INFANTIL VILLA MONTESSORI","",611111,"Escuelas de educación preescolar del sector privado","6 a 10 personas","BOULEVARD","PASEO DEL MARATÓN ALGODÓN","CALLE","NINGUNO","","DEL VENADO","TERRACERÍA","NINGUNO",309,"","","","","","FRACCIONAMIENTO","VIÑEDOS","","","",27019,5,"COAHUILA DE ZARAGOZA",35,"Torreón",1,"Torreón","3003",1,"8717641515","","","Fijo",25.5715151,-103.3864925,"jul-10","COMUNIDAD INFANTIL VILLA MONTESSORIEscuelas de educación preescolar del sector privado"
"17519",303814,"COMUNIDAD MONTESSORI INFANTIL","",611111,"Escuelas de educación preescolar del sector privado","0 a 5 personas","CALLE","JUAN CASTELLÓN","PROLONGACIÓN","CRISTÓBAL COLÓN","CALLE","JUAN TERRAZAS","CALLE","F.RODRIGUEZ",11,"","","","","","COLONIA","LOS ANGELES","","","",27140,5,"COAHUILA DE ZARAGOZA",35,"Torreón",1,"Torreón","1331",6,"8717113346","","","Fijo",25.55601029,-103.4490917,"jul-10","COMUNIDAD MONTESSORI INFANTILEscuelas de educación preescolar del sector privado"
"17837",6198799,"ESTANCIA INFANTIL","ESTANCIA INFANTIL",611111,"Escuelas de educación preescolar del sector privado","0 a 5 personas","CALLE","TORRE DE CRISTAL","CALLE","TORRE DE ORIENTAL","CALLE","TORRE DE MARFIL","","NINGUNO",287,"","","","","","RESIDENCIAL","LAS TORRES","","","",27085,5,"COAHUILA DE ZARAGOZA",35,"Torreón",1,"Torreón","137A",28,"","","","Fijo",25.53859822,-103.3861963,"dic-14","ESTANCIA INFANTILEscuelas de educación preescolar del sector privado"
"17838",274605,"ESTANCIA INFANTIL ALISON, S.C.","",611111,"Escuelas de educación preescolar del sector privado","0 a 5 personas","CALLE","GANADERA","CALLE","VINÍCOLA","CALLE","ZONA DEL SILENCIO","CALLE","LECHUGUILLAS",133,"","","","","","FRACCIONAMIENTO","QUINTAS DEL NAZAS","","","",27087,5,"COAHUILA DE ZARAGOZA",35,"Torreón",1,"Torreón","3906",3,"8717333884","","","Fijo",25.54776126,-103.3653711,"dic-14","ESTANCIA INFANTIL ALISON, S.C.Escuelas de educación preescolar del sector privado"
"18402",286341,"CENTRO COMUNITARIO INFANTIL DIF","DIF ESTATAL",624112,"Servicios de orientación y trabajo social para la niñez y la juventud prestados por el sector público","0 a 5 personas","AVENIDA","16 DE SEPTIEMBRE","PRIVADA","BARTOLO BERNAL","","TORREÓN","AVENIDA","16 DE SEPTIEMBRE",0,"SN","","","","","COLONIA","JACOBO MEYER","","","",27330,5,"COAHUILA DE ZARAGOZA",35,"Torreón",1,"Torreón","2823",1,"","","","Fijo",25.52890411,-103.4834256,"dic-14","CENTRO COMUNITARIO INFANTIL DIFServicios de orientación y trabajo social para la niñez y la juventud prestados por el sector público"
"18422",280920,"CENTRO DE ATENCIÓN ESPECIAL INFANTIL,A.C.","",621341,"Consultorios del sector privado de audiología y de terapia ocupacional, física y del lenguaje","31 a 50 personas","AVENIDA","ÁGUILA NACIONAL","CALLE","ABASTOS","CALLE","PROLONGACIÓN ÁLVAREZ","BOULEVARD","DIAGONAL REFORMA",1807,"","","","","","COLONIA","CENTRO","","","",27000,5,"COAHUILA DE ZARAGOZA",35,"Torreón",1,"Torreón","174",29,"8717227746","ANGELITOSDELCAEI@GMAIL.COM","WWW.ANGELITOSDELCAEI.ORG","Fijo",25.55210731,-103.4276111,"dic-14","CENTRO DE ATENCIÓN ESPECIAL INFANTIL,A.C.Consultorios del sector privado de audiología y de terapia ocupacional, física y del lenguaje"
"18423",293502,"CENTRO DE ATENCIÓN INFANTIL","OFICINA DE GOBIERNO MUNICIPAL",624412,"Guarderías del sector público","6 a 10 personas","CALLE","LAGO ARGENTINO","CALLE","LAGO DEL ESCLAVO","CALLE","LAGO LADOCA","CALLE","LAGO ARGENTINO",1302,"","","","","","COLONIA","ZARAGOZA SUR","","","",27297,5,"COAHUILA DE ZARAGOZA",35,"Torreón",1,"Torreón","3944",8,"8717511656","","","Fijo",25.49576886,-103.3792583,"jul-10","CENTRO DE ATENCIÓN INFANTILGuarderías del sector público"
"18426",308158,"CENTRO DE CONTROL INFANTIL FRANCISCO VILLA","SEP",624412,"Guarderías del sector público","31 a 50 personas","CALLE","5 DE FEBRERO","CALLE","A","CALLE","B","AVENIDA","CUARTA",204,"","","","","","COLONIA","EDUARDO GUERRA","","","",27280,5,"COAHUILA DE ZARAGOZA",35,"Torreón",1,"Torreón","1666",27,"8717229924","","","Fijo",25.52500293,-103.4352097,"jul-10","CENTRO DE CONTROL INFANTIL FRANCISCO VILLAGuarderías del sector público"
"18429",6256324,"CENTRO DE DESARROLLO INFANTIL FRANCISCO VILLA SC","CENTRO DE DESARROLLO INFANTIL FRANCISCO VILLA SC",624411,"Guarderías del sector privado","51 a 100 personas","CALLE","JILGUEROS","CALLE","ÁLAMOS","CALLE","BENITO JUÁREZ","CALLE","ADOLFO LÓPEZ MATEOS",1200,"","","","0","","COLONIA","ZARAGOZA","","","",27275,5,"COAHUILA DE ZARAGOZA",35,"Torreón",1,"Torreón","354A",27,"18717316246","","","Fijo",25.52487105,-103.356247,"jul-10","CENTRO DE DESARROLLO INFANTIL FRANCISCO VILLA SCGuarderías del sector privado"
"18430",6255913,"CENTRO DE DESARROLLO INFANTIL FRANCISCO VILLA SC","CENTRO DE DESARROLLO INFANTIL FRANCISCO VILLA SC",624411,"Guarderías del sector privado","31 a 50 personas","CALLE","5 DE FEBRERO","CALLE","A","AVENIDA","B","AVENIDA","CUARTA",204,"","","","","","COLONIA","EDUARDO GUERRA","","","",27280,5,"COAHUILA DE ZARAGOZA",35,"Torreón",1,"Torreón","1666",27,"","","","Fijo",25.52504404,-103.435283,"dic-14","CENTRO DE DESARROLLO INFANTIL FRANCISCO VILLA SCGuarderías del sector privado"
"18431",307345,"CENTRO DE DESARROLLO INFANTIL JONAS SALK","CENTRO DE DESARROLLO INFANTIL JONAS SALK",624412,"Guarderías del sector público","31 a 50 personas","CALLE","JUAN FRANCISCO HEALY ORTIZ","CALLE","NEZAHUALCÓYOTL","","JUAN FRANSICO EALYN ORTIZ","ANDADOR","PIEDRAS NEGRAS",0,"SN","","","","","COLONIA","ABASTOS","","","",27020,5,"COAHUILA DE ZARAGOZA",35,"Torreón",1,"Torreón","1308",30,"8717181402","","","Fijo",25.5515134,-103.4194539,"jul-10","CENTRO DE DESARROLLO INFANTIL JONAS SALKGuarderías del sector público"
"18432",6255988,"CENTRO DE DESARROLLO INFANTIL LAGUNERO AC","CENTRO DE DESARROLLO INFANTIL LAGUNERO AC",624411,"Guarderías del sector privado","31 a 50 personas","CALLE","ANDORRA","CALLE","SALTILLO 400","CALLE","DEL CARDENAL","CALLE","COLIBRÍ",50,"","","","","","COLONIA","EX HACIENDA LOS ÁNGELES","","","",27265,5,"COAHUILA DE ZARAGOZA",35,"Torreón",1,"Torreón","2698",1,"","","","Fijo",25.53219234,-103.4052331,"jul-10","CENTRO DE DESARROLLO INFANTIL LAGUNERO ACGuarderías del sector privado"
"18435",304220,"CENTRO DE DESARROLLO Y CUIDADO INFANTIL","",624411,"Guarderías del sector privado","0 a 5 personas","CALLE","FILEMÓN GARZA","BOULEVARD","CONSTITUCIÓN","AVENIDA","SANTIAGO LAVÍN","BOULEVARD","CONSTITUCION",1,"","","","","","COLONIA","LAS MARGARITAS","","","",27130,5,"COAHUILA DE ZARAGOZA",35,"Torreón",1,"Torreón","1242",15,"8714555909","","","Fijo",25.56345544,-103.4433303,"jul-10","CENTRO DE DESARROLLO Y CUIDADO INFANTILGuarderías del sector privado"
"18491",279955,"CENTRO PSICOLÓGICO INFANTIL MENTES FELICES.","",624411,"Guarderías del sector privado","6 a 10 personas","BOULEVARD","CONSTITUCIÓN","CALLE","PROLONGACIÓN JACARANDAS ORIENTE","","MÓNACO","CALLE","JESÚS FLORES MAGÓN",0,"SN","","","","","COLONIA","TAJITO","","","",27110,5,"COAHUILA DE ZARAGOZA",35,"Torreón",1,"Torreón","901",6,"8712040492","","","Fijo",25.56637503,-103.4360243,"dic-14","CENTRO PSICOLÓGICO INFANTIL MENTES FELICES.Guarderías del sector privado"
"18615",276187,"COMEDOR INFANTIL SANTA EDUVIGUES","IGLESIA CATOLICA, A.R. PADERES CABERIANOS",624211,"Servicios de alimentación comunitarios prestados por el sector privado","0 a 5 personas","CALLE","HACIENDA DEL ALBA","CALLE","JILGUEROS","CALLE","ÁGUILA","CALLE","PROFESOR HUMBERTO MOREIRA VALDÉS",0,"SN","","","","","FRACCIONAMIENTO","AMPLIACION ZARAGOZA SUR","","","",27297,5,"COAHUILA DE ZARAGOZA",35,"Torreón",1,"Torreón","3766",25,"","","","Fijo",25.48917263,-103.3720488,"dic-14","COMEDOR INFANTIL SANTA EDUVIGUESServicios de alimentación comunitarios prestados por el sector privado"
"19214",310591,"ESTANCIA INFANTIL","",624411,"Guarderías del sector privado","0 a 5 personas","AVENIDA","PASEO CENTRAL","CALLE","PASEO DEL ÁNGEL","CALLE","MONTE MAKALU","CALLE","MONTE SANTO",389,"","","","","","COLONIA","VALLE DORADO","","","",27298,5,"COAHUILA DE ZARAGOZA",35,"Torreón",1,"Torreón","2077",1,"8717217743","","","Fijo",25.5152542,-103.4222955,"jul-10","ESTANCIA INFANTILGuarderías del sector privado"
"19215",291934,"ESTANCIA INFANTIL ALFRED NOBEL","",624411,"Guarderías del sector privado","0 a 5 personas","CALLE","DE LAS JOYAS","CERRADA","DEL HIDRÓGENO","CALLE","NINGUNO","CALLE","NINGUNO",370,"","","","","","FRACCIONAMIENTO","RESIDENCIAL DEL NORTE","","","",27274,5,"COAHUILA DE ZARAGOZA",35,"Torreón",1,"Torreón","3662",3,"8712538435","","","Fijo",25.51896917,-103.3789414,"jul-10","ESTANCIA INFANTIL ALFRED NOBELGuarderías del sector privado"
"19216",274606,"ESTANCIA INFANTIL ALISON","",624411,"Guarderías del sector privado","6 a 10 personas","CALLE","GANADERA","CALLE","VINÍCOLA","CALLE","ZONA DEL SILENCIO","CALLE","LECHUGUILLAS",175,"","","","","","FRACCIONAMIENTO","QUINTAS DEL NAZAS","","","",27087,5,"COAHUILA DE ZARAGOZA",35,"Torreón",1,"Torreón","3906",3,"8717333884","ESTANCIA_ALISON@HOTMAIL.COM","","Fijo",25.54798484,-103.3650067,"dic-14","ESTANCIA INFANTIL ALISONGuarderías del sector privado"
"19217",305919,"ESTANCIA INFANTIL ALONDRA","",624411,"Guarderías del sector privado","0 a 5 personas","CALLE","AZCAPOTZALCO","CALLE","QUETZALCÓATL","CALZADA","XOCHIMILCO","CALLE","AJUSCO",482,"","","","","","FRACCIONAMIENTO","TIERA Y LIBERTAD","","","",27040,5,"COAHUILA DE ZARAGOZA",35,"Torreón",1,"Torreón","2611",2,"8717211270","","","Fijo",25.55516482,-103.4125654,"jul-10","ESTANCIA INFANTIL ALONDRAGuarderías del sector privado"
"19218",279606,"ESTANCIA INFANTIL AMANECER","ESTANCIA INFANTIL AMANECER",624412,"Guarderías del sector público","0 a 5 personas","CALLE","RÍO NAZAS","CALLE","DE LOS JILGUEROS","BOULEVARD","RÍO NAZAS 48","AVENIDA","CASTAÑOS",0,"SN","","","","","COLONIA","VILLA JACARANDAS","","","",27110,5,"COAHUILA DE ZARAGOZA",35,"Torreón",1,"Torreón","954",41,"8717932543","","","Fijo",25.56966969,-103.4465028,"dic-14","ESTANCIA INFANTIL AMANECERGuarderías del sector público"
"19219",275361,"ESTANCIA INFANTIL ÁNGELES","",624412,"Guarderías del sector público","0 a 5 personas","CALLE","CAMPO NUEVO","CALLE","CAMPO DE IRIS","CALLE","CAMPO DE JULIAS","CALLE","CAMPO NUEVO 430",434,"","","","","","FRACCIONAMIENTO","ZARAGOZA NORTE","","","",27275,5,"COAHUILA DE ZARAGOZA",35,"Torreón",1,"Torreón","4069",32,"8717635112","","","Fijo",25.51775576,-103.3551113,"dic-14","ESTANCIA INFANTIL ÁNGELESGuarderías del sector público"
"19220",275790,"ESTANCIA INFANTIL ANGELITOS","",624411,"Guarderías del sector privado","0 a 5 personas","CALLE","DE LA LIBERTAD","AVENIDA","DEL AJUSCO","CALLE","DE LA BRECHA","CIRCUITO","DE LA VEREDA",980,"","","","","","FRACCIONAMIENTO","MONTE REAL","","","",27277,5,"COAHUILA DE ZARAGOZA",35,"Torreón",1,"Torreón","3836",38,"8712676477","CANETADEOLAURITA@HOTMAIL.COM","","Fijo",25.50732718,-103.3563295,"dic-14","ESTANCIA INFANTIL ANGELITOSGuarderías del sector privado"
"19221",273732,"ESTANCIA INFANTIL ARCOIRIS DE ALEGRÍA","",624412,"Guarderías del sector público","0 a 5 personas","CALLE","NINGUNO","CALLE","CIENCIAS AMBIENTALES","CALLE","COMUNICACIÓN","CALLE","COMUNICACION",0,"SN","","","","","FRACCIONAMIENTO","VILLAS UNIVERSIDAD ORIENTE","","","",27087,5,"COAHUILA DE ZARAGOZA",35,"Torreón",1,"Torreón","4285",9,"","","","Fijo",25.5474289,-103.3133329,"dic-14","ESTANCIA INFANTIL ARCOIRIS DE ALEGRÍAGuarderías del sector público"
"19222",284278,"ESTANCIA INFANTIL BILINGUE","",624411,"Guarderías del sector privado","0 a 5 personas","CALZADA","SALVADOR CREEL","AVENIDA","SANTIAGO LAVÍN","AVENIDA","MARGARITAS","CALZADA","SALVADOR CREEL",125,"","","","","","COLONIA","LAS MARGARITAS","","","",27130,5,"COAHUILA DE ZARAGOZA",35,"Torreón",1,"Torreón","1242",4,"","","","Fijo",25.56466481,-103.4444198,"dic-14","ESTANCIA INFANTIL BILINGUEGuarderías del sector privado"
"19223",275246,"ESTANCIA INFANTIL CHAPULTEPEC","",624411,"Guarderías del sector privado","0 a 5 personas","CALLE","MÉXICO","CALLE","JAMAICA","CALLE","BRASIL","CALLE","BRASILIA",1361,"","","","","","FRACCIONAMIENTO","LATINOAMERICANO","","","",27275,5,"COAHUILA DE ZARAGOZA",35,"Torreón",1,"Torreón","2908",15,"8711935769","","","Fijo",25.52542151,-103.3438857,"dic-14","ESTANCIA INFANTIL CHAPULTEPECGuarderías del sector privado"
"19224",279838,"ESTANCIA INFANTIL CHIKITINES","",624411,"Guarderías del sector privado","0 a 5 personas","CALZADA","DE ABASTOS","CALLE","RÍO MARNE","CALLE","RÍO JORDÁN","CALLE","RÍO JORDÁN",1051,"","","","","","COLONIA","ESTRELLA","","","",27010,5,"COAHUILA DE ZARAGOZA",35,"Torreón",1,"Torreón","70",20,"8712040994","","","Fijo",25.56806387,-103.4203925,"dic-14","ESTANCIA INFANTIL CHIKITINESGuarderías del sector privado"
"19225",278316,"ESTANCIA INFANTIL CHIKUELOS","",624411,"Guarderías del sector privado","0 a 5 personas","CALLE","BUEN GOBIERNO","CALLE","PRIMORDIALES DE 36","CALLE","LIBERTAD","CALLE","PRIMORDIALES DE 36",0,"SN","","","","","EJIDO","LA UNION","","","",27420,5,"COAHUILA DE ZARAGOZA",35,"Torreón",1,"Torreón","2255",41,"8717505395","","","Fijo",25.59900283,-103.4118322,"dic-14","ESTANCIA INFANTIL CHIKUELOSGuarderías del sector privado"
"19226",279423,"ESTANCIA INFANTIL CIELO AZUL","",624412,"Guarderías del sector público","0 a 5 personas","CALLE","SALTILLO","CALLE","PIEDRAS NEGRAS","CALLE","MONCLOVA","CALLE","SAN BUENAVENTURA",314,"","","","","","COLONIA","VALLE VERDE","","","",27059,5,"COAHUILA DE ZARAGOZA",35,"Torreón",1,"Torreón","1238",2,"8713116855","","","Fijo",25.55292702,-103.3692004,"dic-14","ESTANCIA INFANTIL CIELO AZULGuarderías del sector público"
"19227",284297,"ESTANCIA INFANTIL CRECHE","",624411,"Guarderías del sector privado","0 a 5 personas","BOULEVARD","CONSTITUCIÓN","CALLE","ARMANDO MELÉNDEZ","AVENIDA","SANTIAGO LAVÍN","BOULEVARD","CONSTITUCIÓN",827,"","","","","","COLONIA","LAS MARGARITAS","","","",27130,5,"COAHUILA DE ZARAGOZA",35,"Torreón",1,"Torreón","1242",58,"","","","Fijo",25.56202638,-103.445343,"dic-14","ESTANCIA INFANTIL CRECHEGuarderías del sector privado"
"19228",274558,"ESTANCIA INFANTIL CRISTOBAL DE VILLALPANDO","",624411,"Guarderías del sector privado","11 a 30 personas","CALLE","ANDROS","CALLE","LIBERTAD","CALLE","CEDRO","CALLE","PROLONGACIÓN PRESIDENTE CARRANZA",481,"","","","","","FRACCIONAMIENTO","AMPLIACION VALLES DEL NAZAS","","","",27084,5,"COAHUILA DE ZARAGOZA",35,"Torreón",1,"Torreón","3639",12,"8712096320","","","Fijo",25.53587246,-103.3579839,"dic-14","ESTANCIA INFANTIL CRISTOBAL DE VILLALPANDOGuarderías del sector privado"
"19229",283610,"ESTANCIA INFANTIL EL ARCA DEL AMOR","",624411,"Guarderías del sector privado","6 a 10 personas","CALLE","DEL YUTE","BOULEVARD","DIAGONAL DE LAS FUENTES","CALLE","LAS FLORES","CALLE","LA MERCED",0,"SN","","","","","FRACCIONAMIENTO","OBISPADO VILLAS LA MERCED","","","",27276,5,"COAHUILA DE ZARAGOZA",35,"Torreón",1,"Torreón","3145",11,"8712035007","","","Fijo",25.50537009,-103.3977823,"dic-14","ESTANCIA INFANTIL EL ARCA DEL AMORGuarderías del sector privado"
"19230",275684,"ESTANCIA INFANTIL EL TIO QUILLO","",624411,"Guarderías del sector privado","0 a 5 personas","CERRADA","PERLA VIOLETA","CALLE","PERLA CULTIVADA","CALLE","PERLA ARTIFICIAL","CALLE","PERLA ORIENTAL",0,"SN","","","","","FRACCIONAMIENTO","LA PERLA","","","",27090,5,"COAHUILA DE ZARAGOZA",35,"Torreón",1,"Torreón","4209",30,"8713032765","TIO.QUILLO.19@OUTLOOK.COM","","Fijo",25.49802359,-103.3596674,"dic-14","ESTANCIA INFANTIL EL TIO QUILLOGuarderías del sector privado"
"19231",280105,"ESTANCIA INFANTIL ESTRELLITA AZUL","",624411,"Guarderías del sector privado","0 a 5 personas","PROLONGACIÓN","URANO","CALLE","SATURNO","CALLE","ROBERTO FIERRO","CALLE","CIRCUITO SATÉLITE SUR",0,"SN","","","","","FRACCIONAMIENTO","SATELITE DE LA LAGUNA","ESCUELA","ESTANCIA INFANTIL EN COLONIA","77",27050,5,"COAHUILA DE ZARAGOZA",35,"Torreón",1,"Torreón","3323",23,"","","","Fijo",25.56009319,-103.3945984,"dic-14","ESTANCIA INFANTIL ESTRELLITA AZULGuarderías del sector privado"
"19232",275441,"ESTANCIA INFANTIL FANTASÍA","",624412,"Guarderías del sector público","0 a 5 personas","CALLE","CAMPO VERDE","CALLE","CAMPO ALEGRE","CALLE","DEL PEÑÓN","CALLE","CAMPO VERDE 705",709,"","","","","","FRACCIONAMIENTO","MONTE REAL","","","",27277,5,"COAHUILA DE ZARAGOZA",35,"Torreón",1,"Torreón","3836",24,"8713037894","","","Fijo",25.51124044,-103.3546037,"dic-14","ESTANCIA INFANTIL FANTASÍAGuarderías del sector público"
"19233",274084,"ESTANCIA INFANTIL FORMANDO CAMPEONES, A.C.","SEDESOL",624412,"Guarderías del sector público","6 a 10 personas","CALLE","CAOBA","CALLE","RODADENDRO","CALLE","PASEO DE LOS OLIVOS","CALLE","EGLANTINAS",8751,"","","","","","FRACCIONAMIENTO","JARDINES UNIVERSIDAD","","","",27087,5,"COAHUILA DE ZARAGOZA",35,"Torreón",1,"Torreón","4105",35,"8717570668","","","Fijo",25.52202797,-103.3238458,"dic-14","ESTANCIA INFANTIL FORMANDO CAMPEONES, A.C.Guarderías del sector público"
"19234",274378,"ESTANCIA INFANTIL GESELL","",624411,"Guarderías del sector privado","0 a 5 personas","CALLE","CIRCONIA","CALLE","PASEO CANAL DE SAN ANTONIO","CALLE","PASEO CERRO DE LAS CALABAZAS","CALLE","DOLOMITA",633,"","","","","","FRACCIONAMIENTO","PEDREGAL DEL VALLE","","","",27087,5,"COAHUILA DE ZARAGOZA",35,"Torreón",1,"Torreón","3592",26,"","","","Fijo",25.55039238,-103.3546867,"dic-14","ESTANCIA INFANTIL GESELLGuarderías del sector privado"
"19235",284757,"ESTANCIA INFANTIL GOHS","",624412,"Guarderías del sector público","0 a 5 personas","CALLE","SONORA","CALLE","TREVIÑO","CALLE","ILDELFONSO FUENTES","CALLE","J. ISABEL ROBLES",595,"","","","","","COLONIA","NAZARIO ORTIZ GARZA","","","",27150,5,"COAHUILA DE ZARAGOZA",35,"Torreón",1,"Torreón","1384",7,"8712956495","PERAFAN_VET@HOTMAIL.COM","","Fijo",25.55303261,-103.4558086,"dic-14","ESTANCIA INFANTIL GOHSGuarderías del sector público"
"19236",306276,"ESTANCIA INFANTIL GRANDES AMIGOS","SEDESOL GOBIERNO FEDERAL",624412,"Guarderías del sector público","0 a 5 personas","CALZADA","ANTONIO DE JUAMBELZ (CALLE 32)","AVENIDA","JUÁREZ","AVENIDA","HIDALGO","CALLE","34",361,"","","","","","COLONIA","CENTRO","","","",27000,5,"COAHUILA DE ZARAGOZA",35,"Torreón",1,"Torreón","1492",11,"8717215945","AGARZAH@HOTMAIL.ES","","Fijo",25.53742962,-103.4139526,"jul-10","ESTANCIA INFANTIL GRANDES AMIGOSGuarderías del sector público"
"19237",273777,"ESTANCIA INFANTIL HIJOS TRIUNFADORES","GOBIERNO FEDERAL",624412,"Guarderías del sector público","0 a 5 personas","CALLE","BERILIO","CALLE","FOSFORITA","CALLE","PINABETES","CALLE","LIMONITA",0,"SN","","","","","FRACCIONAMIENTO","JOYAS DEL ORIENTE","","","",27087,5,"COAHUILA DE ZARAGOZA",35,"Torreón",1,"Torreón","4317",18,"","","","Fijo",25.54933261,-103.3298623,"dic-14","ESTANCIA INFANTIL HIJOS TRIUNFADORESGuarderías del sector público"
"19238",301637,"ESTANCIA INFANTIL HOJA","",624411,"Guarderías del sector privado","0 a 5 personas","CALLE","NINGUNO","AVENIDA","DEL RÍO","CALLE","NINGUNO","CALLE","NINGUNO",0,"SN","","","","","EJIDO","LA CONCHA","","","",27422,5,"COAHUILA DE ZARAGOZA",35,"Torreón",152,"La Concha","3681",18,"8717440146","","","Fijo",25.63771182,-103.3782819,"jul-10","ESTANCIA INFANTIL HOJAGuarderías del sector privado"
"19239",275418,"ESTANCIA INFANTIL HUELLITAS MAGICAS","",624411,"Guarderías del sector privado","0 a 5 personas","AVENIDA","CAMPO DE LA VIÑA","CALLE","CAMPO FLORIDO","AVENIDA","FRONDOSO","CALLE","CAMPO DE LAS FLORES",0,"SN","","","","","FRACCIONAMIENTO","CAMPO NUEVO ZARAGOZA II","","","",27275,5,"COAHUILA DE ZARAGOZA",35,"Torreón",1,"Torreón","4073",22,"8712030773","","","Fijo",25.51459845,-103.3506942,"dic-14","ESTANCIA INFANTIL HUELLITAS MAGICASGuarderías del sector privado"
"19240",278307,"ESTANCIA INFANTIL JAEL","",624411,"Guarderías del sector privado","0 a 5 personas","CALLE","NINGUNO","CALLE","NINGUNO","CALLE","NINGUNO","CALLE","NINGUNO",0,"SN","","","","","EJIDO","LA CONCHA","","","",27420,5,"COAHUILA DE ZARAGOZA",35,"Torreón",152,"La Concha","3677",40,"8717440345","","","Fijo",25.63195234,-103.3854019,"jul-10","ESTANCIA INFANTIL JAELGuarderías del sector privado"
"19241",294800,"ESTANCIA INFANTIL JARDÍN DE LA ALEGRÍA","",624411,"Guarderías del sector privado","0 a 5 personas","CALLE","SERPENTINA","CALLE","CAUDILLO","CALLE","MALAQUITA","CALLE","AMAZONITA",1781,"","","","","","FRACCIONAMIENTO","RINCON DEL PEDREGAL","","","",27087,5,"COAHUILA DE ZARAGOZA",35,"Torreón",1,"Torreón","3592",42,"","","","Fijo",25.54825046,-103.3563897,"jul-10","ESTANCIA INFANTIL JARDÍN DE LA ALEGRÍAGuarderías del sector privado"
"19242",275503,"ESTANCIA INFANTIL KAROL JOZET","",624411,"Guarderías del sector privado","0 a 5 personas","CALLE","TORRE ABANDONADA","CALLE","TORRE ZARAGOZA","CALLE","TORRE VICTORIA","CALLE","TORRE ABANDONADA",1186,"","","","","","FRACCIONAMIENTO","HACIENDA SANTA MARIA","","","",27275,5,"COAHUILA DE ZARAGOZA",35,"Torreón",1,"Torreón","4529",7,"8713116037","","","Fijo",25.51776964,-103.3453729,"dic-14","ESTANCIA INFANTIL KAROL JOZETGuarderías del sector privado"
"19243",281249,"ESTANCIA INFANTIL LEARNI TOGHETHER","",624411,"Guarderías del sector privado","0 a 5 personas","CALLE","GÓMEZ FARÍAS","CALZADA","ANTONIO DE JUAMBELZ","CALLE","HERÓICO COLEGIO MILITAR","AVENIDA","MORELOS",3111,"","","","","","COLONIA","NUEVO TORREON","","","",27060,5,"COAHUILA DE ZARAGOZA",35,"Torreón",1,"Torreón","144A",29,"8717223774","","","Fijo",25.53967287,-103.4150398,"dic-14","ESTANCIA INFANTIL LEARNI TOGHETHERGuarderías del sector privado"
"19244",278644,"ESTANCIA INFANTIL LINDOS MOMENTOS","SEDESOL",624412,"Guarderías del sector público","0 a 5 personas","CALLE","ANNA","CALZADA","LUISA","CALLE","MARÍA","CALLE","LUZ AÍDA",7443,"","","","","","FRACCIONAMIENTO","ANNA","","","",27410,5,"COAHUILA DE ZARAGOZA",35,"Torreón",1,"Torreón","3770",22,"","","","Fijo",25.60391759,-103.3678043,"dic-14","ESTANCIA INFANTIL LINDOS MOMENTOSGuarderías del sector público"
"19245",273595,"ESTANCIA INFANTIL LOMA REAL","",624411,"Guarderías del sector privado","11 a 30 personas","CALLE","OBSIDIANA","CALLE","LOMAS DE LA JOYA","AVENIDA","BROMO","CALLE","MONTE VIRGEN",729,"","","","","","FRACCIONAMIENTO","LOMA REAL","","","",27400,5,"COAHUILA DE ZARAGOZA",35,"Torreón",1,"Torreón","4266",19,"","","","Fijo",25.54934433,-103.332782,"dic-14","ESTANCIA INFANTIL LOMA REALGuarderías del sector privado"
"19246",283872,"ESTANCIA INFANTIL LOS NENES","",624412,"Guarderías del sector público","0 a 5 personas","AVENIDA","DE TORREÓN A LERDO","CALLE","PRESA DE LAS CALABAZAS","CALLE","DE LOS PELTRES","AVENIDA","HACIENDA LA MERCED",1919,"","1911","","","","FRACCIONAMIENTO","RINCÓN LA MERCED","","","",27276,5,"COAHUILA DE ZARAGOZA",35,"Torreón",1,"Torreón","3380",15,"8713032255","","","Fijo",25.50167426,-103.3843673,"dic-14","ESTANCIA INFANTIL LOS NENESGuarderías del sector público"
"19247",285041,"ESTANCIA INFANTIL LUGAR DE ÁNGELES","",624412,"Guarderías del sector público","6 a 10 personas","AVENIDA","SANTA MARÍA","CALLE","TREVIÑO","CALLE","FALCÓN","AVENIDA","5 DE MAYO",753,"","","","","","COLONIA","MODERNA","","","",27170,5,"COAHUILA DE ZARAGOZA",35,"Torreón",1,"Torreón","1505",11,"8717113043","LUGARDEANGELES@HOTMAIL.COM","","Fijo",25.54490554,-103.4574624,"dic-14","ESTANCIA INFANTIL LUGAR DE ÁNGELESGuarderías del sector público"
"19248",282760,"ESTANCIA INFANTIL LUMAJOS","",624412,"Guarderías del sector público","0 a 5 personas","CERRADA","SAN ROQUE","ANDADOR","ORIENTE","CALLE","SERAFÍN","CERRADA","SAN RAMON",308,"","","","","","COLONIA","FUENTES DEL SUR","","","",27290,5,"COAHUILA DE ZARAGOZA",35,"Torreón",1,"Torreón","2109",27,"8717205135","","","Fijo",25.50875503,-103.4157392,"dic-14","ESTANCIA INFANTIL LUMAJOSGuarderías del sector público"
"19249",284117,"ESTANCIA INFANTIL MANITAS MAGICAS","",624411,"Guarderías del sector privado","0 a 5 personas","CALLE","PROLONGACIÓN JACARANDAS ORIENTE","CALLE","ROSARIO","CALLE","EUGENIA","CALLE","LA AURORA",0,"SN","","","","","COLONIA","AMPLIACIÓN MARGARITAS","","","",27130,5,"COAHUILA DE ZARAGOZA",35,"Torreón",1,"Torreón","969",4,"8717186702","","","Fijo",25.56725719,-103.4400289,"dic-14","ESTANCIA INFANTIL MANITAS MAGICASGuarderías del sector privado"
"19250",282100,"ESTANCIA INFANTIL MANITAS TRAVIESAS","",624411,"Guarderías del sector privado","0 a 5 personas","CALLE","PABLO NERUDA","CALZADA","JOSÉ VASCONCELOS","CALLE","MANARI","CALLE","LAGO DE TÉRMINOS",0,"SN","","","","","COLONIA","PROVITEC","","","",27270,5,"COAHUILA DE ZARAGOZA",35,"Torreón",1,"Torreón","1539",52,"8712893635","","","Fijo",25.52569953,-103.3952984,"dic-14","ESTANCIA INFANTIL MANITAS TRAVIESASGuarderías del sector privado"
"19251",307530,"ESTANCIA INFANTIL MATI","",624411,"Guarderías del sector privado","6 a 10 personas","CALLE","AZTECAS","CALLE","QUETZALCÓATL","CALZADA","XOCHIMILCO","CALLE","ATOYAC",459,"","","","","","COLONIA","CAROLINAS","","","",27040,5,"COAHUILA DE ZARAGOZA",35,"Torreón",1,"Torreón","1261",17,"8717926485","","","Fijo",25.55498068,-103.4145556,"jul-10","ESTANCIA INFANTIL MATIGuarderías del sector privado"
"19252",282949,"ESTANCIA INFANTIL MI ESCUELITA","",624411,"Guarderías del sector privado","6 a 10 personas","AVENIDA","QUINTA","CALLE","SÉPTIMA DEL TIRO","CALLE","SEXTA DE TIRO","AVENIDA","CUARTA",743,"","","","","","COLONIA","VICENTE GUERRERO","","","",27380,5,"COAHUILA DE ZARAGOZA",35,"Torreón",1,"Torreón","1859",16,"8717131425","ELIZABETH.G.HUERTA@GMAIL.COM","","Fijo",25.51479776,-103.4375808,"dic-14","ESTANCIA INFANTIL MI ESCUELITAGuarderías del sector privado"
"19253",279503,"ESTANCIA INFANTIL MI MUNDO MAGICO","",624411,"Guarderías del sector privado","6 a 10 personas","CALZADA","PASEO DE LOS ÁLAMOS","CALLE","DE LOS CUERVOS","CALLE","DE LOS HALCONES","CALLE","DE LOS CUERVOS",0,"SN","","","","","COLONIA","LOS NOGALES","","","",27110,5,"COAHUILA DE ZARAGOZA",35,"Torreón",1,"Torreón","850",42,"8712242974","","","Fijo",25.57322306,-103.4373478,"dic-14","ESTANCIA INFANTIL MI MUNDO MAGICOGuarderías del sector privado"
"19254",275763,"ESTANCIA INFANTIL MONTEREAL KIDS","",624411,"Guarderías del sector privado","6 a 10 personas","CALLE","DEL CAÑÓN","CALLE","DEL PEÑÓN","AVENIDA","DEL PEDREGAL","CALLE","DE LA CAÑA",679,"A, B","","","","","FRACCIONAMIENTO","MONTE REAL","","","",27277,5,"COAHUILA DE ZARAGOZA",35,"Torreón",1,"Torreón","3840",50,"8712031950","","","Fijo",25.50585642,-103.3527069,"dic-14","ESTANCIA INFANTIL MONTEREAL KIDSGuarderías del sector privado"
"19255",293108,"ESTANCIA INFANTIL MUNDO DE NIÑOS","",624411,"Guarderías del sector privado","0 a 5 personas","CALLE","LOMAS TAURINAS","CALLE","LUIS DONALDO COLOSIO","CALLE","DIANA LAURA RIOJAS","CALLE","28 DE NOVIEMBRE",52,"","","","","","COLONIA","LUIS DONALDO COLOSIO","","","",27297,5,"COAHUILA DE ZARAGOZA",35,"Torreón",1,"Torreón","3728",39,"8712536246","","","Fijo",25.49374398,-103.3889921,"jul-10","ESTANCIA INFANTIL MUNDO DE NIÑOSGuarderías del sector privado"
"19256",308199,"ESTANCIA INFANTIL NIÑOS DE HOY","",624411,"Guarderías del sector privado","0 a 5 personas","CALLE","H","AVENIDA","SEGUNDA","CALLE","GENERAL LÁZARO CÁRDENAS","CALLE","G",0,"SN","","","","","COLONIA","EDUARDO GUERRA","","","",27280,5,"COAHUILA DE ZARAGOZA",35,"Torreón",1,"Torreón","1670",20,"8717326036","","","Fijo",25.52310787,-103.4285808,"jul-10","ESTANCIA INFANTIL NIÑOS DE HOYGuarderías del sector privado"
"19257",280148,"ESTANCIA INFANTIL NIÑOS FELICES","",624411,"Guarderías del sector privado","0 a 5 personas","CALLE","INGLATERRA","CALLE","JUAN AGUSTÍN DE ESPINOZA","CALLE","LÍBANO","CALLE","CIRCUITO EUROPA",52,"","","","","","FRACCIONAMIENTO","RESIDENCIAL LAS ETNIAS","ESCUELA","ESTANCIA INFANTIL EN COLONIA","52",27058,5,"COAHUILA DE ZARAGOZA",35,"Torreón",1,"Torreón","812",61,"8717318133","","","Fijo",25.55599329,-103.3858756,"dic-14","ESTANCIA INFANTIL NIÑOS FELICESGuarderías del sector privado"
"19258",282787,"ESTANCIA INFANTIL PASITOS DE AMOR","ESTANCIA INFANTIL PASITOS DE AMOR",624412,"Guarderías del sector público","6 a 10 personas","CALZADA","SALTILLO 400","CALLE","PASEO VIENTO SUR","CALLE","PASEO DEL CICLÓN","CALLE","VALENCIA",851,"","","","","","COLONIA","AMPLIACION LA ROSITA","","","",27250,5,"COAHUILA DE ZARAGOZA",35,"Torreón",1,"Torreón","1789",17,"8717327855","","","Fijo",25.51321576,-103.4059353,"dic-14","ESTANCIA INFANTIL PASITOS DE AMORGuarderías del sector público"
"19259",283268,"ESTANCIA INFANTIL PEQUEÑA ESTRELLA","",624411,"Guarderías del sector privado","6 a 10 personas","CALLE","PICHINCHA","BOULEVARD","PEDRO RODRÍGUEZ TRIANA","CALZADA","MANUEL GÓMEZ MORÍN","CALZADA","MANUEL GÓMEZ MORÍN",398,"","","","","","COLONIA","RESIDENCIAL LA HACIENDA","","","",27276,5,"COAHUILA DE ZARAGOZA",35,"Torreón",1,"Torreón","1064",36,"8717328086","","","Fijo",25.52176758,-103.3864385,"dic-14","ESTANCIA INFANTIL PEQUEÑA ESTRELLAGuarderías del sector privado"
"19260",274325,"ESTANCIA INFANTIL PEQUEÑITOS","",624411,"Guarderías del sector privado","6 a 10 personas","CALLE","NOGAL AMERICANO","CALLE","NOGALINA","CALZADA","CANAL DE LA CONCHA","CALLE","DE LA LIBERTAD",215,"","","","","","FRACCIONAMIENTO","RINCON DE LOS NOGALES","","","",27087,5,"COAHUILA DE ZARAGOZA",35,"Torreón",1,"Torreón","4355",23,"","","","Fijo",25.54791419,-103.3633978,"dic-14","ESTANCIA INFANTIL PEQUEÑITOSGuarderías del sector privado"
"19261",284076,"ESTANCIA INFANTIL PEQUEÑOS ÁNGELES","",624411,"Guarderías del sector privado","0 a 5 personas","CALLE","FERROCARRIL INTERNACIONAL MEXICANO","CALLE","DE LOS PELTRES","CALLE","DE LOS SARAPES","CALLE","ESTACIÓN DEL TORREÓN",1819,"","","","","","COLONIA","RINCÓN LA MERCED","","","",27276,5,"COAHUILA DE ZARAGOZA",35,"Torreón",1,"Torreón","3450",5,"8713038398","","","Fijo",25.5007962,-103.3797556,"dic-14","ESTANCIA INFANTIL PEQUEÑOS ÁNGELESGuarderías del sector privado"
"19262",306133,"ESTANCIA INFANTIL PICOLOS","",624412,"Guarderías del sector público","0 a 5 personas","AVENIDA","DEL DESIERTO","AVENIDA","XOCHIMILCO","CALLE","DE LA PEPENA","CALLE","PRESIDENTE CARRANZA",445,"B","","","","","COLONIA","FELIPE ANGELES","","","",27080,5,"COAHUILA DE ZARAGOZA",35,"Torreón",1,"Torreón","314",15,"8717205007","","","Fijo",25.53624032,-103.3986244,"jul-10","ESTANCIA INFANTIL PICOLOSGuarderías del sector público"
"19263",280830,"ESTANCIA INFANTIL PININOS","",624411,"Guarderías del sector privado","0 a 5 personas","CALLE","IXTACALCO","CALLE","PRIVADA PRIMERA DE MOCTEZUMA","AVENIDA","DE LA PAZ","CALLE","CUITLÁHUAC",0,"SN","","","","","COLONIA","FRANCISCO VILLA","","","",27050,5,"COAHUILA DE ZARAGOZA",35,"Torreón",1,"Torreón","1312",17,"8714559013","","","Fijo",25.54937161,-103.4124162,"jul-10","ESTANCIA INFANTIL PININOSGuarderías del sector privado"
"19264",274274,"ESTANCIA INFANTIL POKOYO KIDS","",624411,"Guarderías del sector privado","6 a 10 personas","CALZADA","BARTOLOMÉ DE LAS CASAS","CERRADA","SANTA MÓNICA","CERRADA","SAN NICOLÁS DE BAIN","CERRADA","SANTA PATRICIA",1930,"1","","","","","FRACCIONAMIENTO","LA AMISTAD","","","",27054,5,"COAHUILA DE ZARAGOZA",35,"Torreón",1,"Torreón","4340",13,"","","","Fijo",25.55474488,-103.3577432,"dic-14","ESTANCIA INFANTIL POKOYO KIDSGuarderías del sector privado"
"19265",281528,"ESTANCIA INFANTIL QUERUBINES","GOBIERNO FEDERAL",624412,"Guarderías del sector público","6 a 10 personas","AVENIDA","JUÁREZ","CALLE","36","CALLE","34","AVENIDA","HIDALGO",3422,"","","","","","COLONIA","CENTRO","","","",27000,5,"COAHUILA DE ZARAGOZA",35,"Torreón",1,"Torreón","2043",4,"8717203099","ALMA_ADAME@HOTMAIL.COM","","Fijo",25.53793784,-103.4115471,"dic-14","ESTANCIA INFANTIL QUERUBINESGuarderías del sector público"
"19266",286229,"ESTANCIA INFANTIL SALTITOS","",624411,"Guarderías del sector privado","0 a 5 personas","CALLE","JUAN E. GARCÍA","AVENIDA","HIDALGO","AVENIDA","JUÁREZ","CALLE","MARIANO LÓPEZ ORTIZ",352,"","","","","","COLONIA","CENTRO","","","",27000,5,"COAHUILA DE ZARAGOZA",35,"Torreón",1,"Torreón","263",30,"8713017471","ELI.1@HOTMAIL.MX","","Fijo",25.53786202,-103.4386302,"jul-10","ESTANCIA INFANTIL SALTITOSGuarderías del sector privado"
"19267",6428495,"ESTANCIA INFANTIL SAN MATEO.","ESTANCIA INFANTIL SAN MATEO.",624412,"Guarderías del sector público","0 a 5 personas","BOULEVARD","CONSTITUCIÓN","CALLE","PROLONGACIÓN JACARANDAS ORIENTE","","","","NINGUNO",0,"SN","","","","","COLONIA","TAJITO","","","",27110,5,"COAHUILA DE ZARAGOZA",35,"Torreón",1,"Torreón","901",6,"","","","Fijo",25.56589382,-103.4365434,"jul-10","ESTANCIA INFANTIL SAN MATEO.Guarderías del sector público"
"19268",279067,"ESTANCIA INFANTIL SEDESOL ANGELITOS","",624411,"Guarderías del sector privado","6 a 10 personas","CALLE","CARLOS LÓPEZ SOSA","CALLE","DE LA TORTUGA","CALLE","PASEO DEL MARATÓN ALGODÓN","CALLE","PASEO DEL VENADO",322,"","","","","","FRACCIONAMIENTO","LOS VIÑEDOS","","","",27016,5,"COAHUILA DE ZARAGOZA",35,"Torreón",1,"Torreón","3003",9,"8717332709","","","Fijo",25.57115956,-103.3807938,"dic-14","ESTANCIA INFANTIL SEDESOL ANGELITOSGuarderías del sector privado"
"19269",274973,"ESTANCIA INFANTIL SEDI","",624411,"Guarderías del sector privado","6 a 10 personas","AVENIDA","JIMULCO","","NINGUNO","","","CALLE","NINGUNO",0,"SN","","","","","COLONIA","VALLE ORIENTE","","","",27277,5,"COAHUILA DE ZARAGOZA",35,"Torreón",1,"Torreón","884",20,"8717336280","JUANITAGL1@HOTMAIL.COM","","Fijo",25.5306676,-103.3597972,"dic-14","ESTANCIA INFANTIL SEDIGuarderías del sector privado"
"19270",291385,"ESTANCIA INFANTIL SIN NOMBRE","",624411,"Guarderías del sector privado","6 a 10 personas","CALLE","SAPPORO","CALLE","ANTIMONIO","CALLE","UNIVERSIDAD","PRIVADA","NINGUNO",8921,"","","","","","COLONIA","SOL DE ORIENTE II","","","",27087,5,"COAHUILA DE ZARAGOZA",35,"Torreón",1,"Torreón","3573",30,"8717763201","","","Fijo",25.54058096,-103.3274668,"jul-10","ESTANCIA INFANTIL SIN NOMBREGuarderías del sector privado"
"19271",303841,"ESTANCIA INFANTIL SONNE","",624411,"Guarderías del sector privado","0 a 5 personas","CALLE","J. REYES SPÍNDOLA","AVENIDA","JESÚS PAMANES","CALLE","JUAN TERRAZA","CALLE","J. REYES SPÍNDOLA",254,"","","","","","COLONIA","AMPLIACION LOS ANGELES","","","",27140,5,"COAHUILA DE ZARAGOZA",35,"Torreón",1,"Torreón","1331",29,"8717160649","","","Fijo",25.55207222,-103.4545245,"jul-10","ESTANCIA INFANTIL SONNEGuarderías del sector privado"
"19272",282503,"ESTANCIA INFANTIL SUPER PEQUES","",624411,"Guarderías del sector privado","0 a 5 personas","AVENIDA","GUAYACÁN","CALLE","ORQUÍDEAS","CALLE","LIRIOS","AVENIDA","HIGUERAS",0,"SN","","","","","COLONIA","JARDINES DE CALIFORNIA","","","",27240,5,"COAHUILA DE ZARAGOZA",35,"Torreón",1,"Torreón","1670",15,"8712284447","","","Fijo",25.52388754,-103.4278388,"dic-14","ESTANCIA INFANTIL SUPER PEQUESGuarderías del sector privado"
"19273",278996,"ESTANCIA INFANTIL TAGIMA","",624411,"Guarderías del sector privado","0 a 5 personas","CALLE","OCTAVIO PAZ","CALLE","JUAN RULFO","CALLE","XAVIER VILLAURRUTIA","CALLE","JUAN JOSÉ ARREOLA",40,"","","","","","FRACCIONAMIENTO","SAN AGUSTIN","","","",27087,5,"COAHUILA DE ZARAGOZA",35,"Torreón",1,"Torreón","3785",10,"8711935208","","","Fijo",25.58156275,-103.3702603,"dic-14","ESTANCIA INFANTIL TAGIMAGuarderías del sector privado"
"19274",283167,"ESTANCIA INFANTIL TIERNA SONRISA","",624411,"Guarderías del sector privado","0 a 5 personas","CALLE","ORQUÍDEA","CALLE","CRISANTEMO","CALLE","AMAPOLA","CALLE","JAZMÍN",20,"","","","","","COLONIA","LA DALIA","","","",27397,5,"COAHUILA DE ZARAGOZA",35,"Torreón",1,"Torreón","1897",19,"8714554241","","","Fijo",25.49887341,-103.4075964,"dic-14","ESTANCIA INFANTIL TIERNA SONRISAGuarderías del sector privado"
"19275",312457,"ESTANCIA INFANTIL WILLYS","",624412,"Guarderías del sector público","0 a 5 personas","CALLE","GENERAL LÁZARO CÁRDENAS DEL RÍO","CALLE","DEL PATRIARCA","CALLE","BENITO JUÁREZ","CALLE","MANUEL ÁVILA CAMACHO",145,"","","","","","COLONIA","LA MERCED AMPLIACION FUENTES","","","",27290,5,"COAHUILA DE ZARAGOZA",35,"Torreón",1,"Torreón","1878",4,"8717912018","WILLIS_2007@LIVE.COM","","Fijo",25.51065466,-103.4076508,"jul-10","ESTANCIA INFANTIL WILLYSGuarderías del sector público"
"19276",283123,"ESTANCIA INFANTIL WORLD KIDS","",624411,"Guarderías del sector privado","0 a 5 personas","AVENIDA","LUCIO BLANCO","CALLE","FRANCISCO I. MADERO","CALLE","HERIBERTO JARA","CALLE","FRANCISCO ÁYALA",959,"","","","","","COLONIA","LAZARO CARDENAS","","","",27390,5,"COAHUILA DE ZARAGOZA",35,"Torreón",1,"Torreón","112A",46,"8713118519","","","Fijo",25.49792886,-103.4175132,"dic-14","ESTANCIA INFANTIL WORLD KIDSGuarderías del sector privado"
"19411",297483,"GUARDERIA INFANTIL 001","INSTITUTO MEXICANO DEL SEGURO SOCIAL",624412,"Guarderías del sector público","51 a 100 personas","BOULEVARD","CONSTITUCIÓN","CALLE","JIMÉNEZ","CALLE","JAVIER MINA","BOULEVARD","CONSTITUCIÓN",515,"","","","","","COLONIA","AMPLIACION LOS ANGELES","","","",27140,5,"COAHUILA DE ZARAGOZA",35,"Torreón",1,"Torreón","1420",20,"8717110369","SOCORRO.DOMINUEZ@IMSS.GOB.MX","","Fijo",25.54698758,-103.451917,"jul-10","GUARDERIA INFANTIL 001Guarderías del sector público"
"19412",297460,"GUARDERIA INFANTIL AMANECER","GUARDERIA VELMAR",624412,"Guarderías del sector público","31 a 50 personas","CALLE","PEDRO CAMINO","BOULEVARD","CONSTITUCIÓN","CALLE","PEDRO FRANCO UGARTE","CALLE","RAYÓN",22,"","","","","","COLONIA","AMPLIACION LOS ANGELES","","","",27140,5,"COAHUILA DE ZARAGOZA",35,"Torreón",1,"Torreón","1420",10,"8717128181","GUARDERIAVELMAR@HOTMAIL.COM","","Fijo",25.54743016,-103.4520204,"jul-10","GUARDERIA INFANTIL AMANECERGuarderías del sector público"
"19413",311940,"GUARDERIA INFANTIL PEQUES, S.C.","GUARDERIA INFANTIL PEQUES, S.C.",624411,"Guarderías del sector privado","31 a 50 personas","CALZADA","MANUEL GÓMEZ MORÍN","CALLE","PICHINCHA","CALLE","DEL LIENZO","BOULEVARD","PEDRO RODRÍGUEZ TRIANA",505,"","","","","","COLONIA","RESIDENCIAL LA HACIENDA","","","",27276,5,"COAHUILA DE ZARAGOZA",35,"Torreón",1,"Torreón","1064",36,"8717314422","GUARDERIA_PEQUES@YAHOO.COM.MX","","Fijo",25.5218501,-103.388049,"jul-10","GUARDERIA INFANTIL PEQUES, S.C.Guarderías del sector privado"
"19414",311905,"GUARDERIA INFANTIL PEQUES, S.C.","GUARDERIA INFANTIL PEQUES, S.C.",624411,"Guarderías del sector privado","11 a 30 personas","CALLE","DEL COMETA","CALLE","SAN SEBASTIÁN","BOULEVARD","DIAGONAL DE LAS FUENTES","CALLE","SORIA",980,"","","","","","COLONIA","AMPLIACION LA ROSITA","","","",27250,5,"COAHUILA DE ZARAGOZA",35,"Torreón",1,"Torreón","1789",31,"8717327330","GUARDERIA_PEQUES2@YAHOO.COM.MX","","Fijo",25.51113544,-103.4045825,"jul-10","GUARDERIA INFANTIL PEQUES, S.C.Guarderías del sector privado"
"19415",6256002,"GUARDERIA INFANTIL SANTA CECILIA","PREESCOLAR SANTA CECILIA, S.C.",624411,"Guarderías del sector privado","51 a 100 personas","CALLE","OTOÑO","CALLE","OTOÑO","CALLE","PASEO DEL ÁRBOL","CALLE","PALERMO",785,"","","","0","","FRACCIONAMIENTO","AMPLIACION LA ROSITA","","","",27250,5,"COAHUILA DE ZARAGOZA",35,"Torreón",1,"Torreón","1789",3,"8717317890","GUARDERIASANTACECILIA@YAHOO.COM.MX","","Fijo",25.51434728,-103.4059274,"jul-10","GUARDERIA INFANTIL SANTA CECILIAGuarderías del sector privado"
"19466",228095,"HOSPITAL INFANTIL UNIVERSITARIO BEATRIZ VELASCO DE ALEMAN","UNIVERSIDAD AUTONOMA DE COAHUILA",622112,"Hospitales generales del sector público","51 a 100 personas","CALLE","JUAN GUTENBERG (17)","AVENIDA","BRAVO","AVENIDA","ESCOBEDO","CALLE","JOSÉ MARÍA DEL BOSQUE",350,"","","","","","COLONIA","CENTRO","","","",27000,5,"COAHUILA DE ZARAGOZA",35,"Torreón",1,"Torreón","282",14,"18717130571","HOSPITALINFANTILUNIVERSITARIO@HOTMAIL.COM","","Fijo",25.54462358,-103.4299789,"jul-10","HOSPITAL INFANTIL UNIVERSITARIO BEATRIZ VELASCO DE ALEMANHospitales generales del sector público"
"19558",309362,"KARITOS ESTANCIA INFANTIL","",624411,"Guarderías del sector privado","0 a 5 personas","CALLE","BOLONIA","CALLE","NINGUNO","CALLE","TURÍN","CALLE","ALEJANDRÍA",436,"","","","","","COLONIA","TORREON RESIDENCIAL","","","",27268,5,"COAHUILA DE ZARAGOZA",35,"Torreón",1,"Torreón","048A",29,"8717205707","","","Fijo",25.52188752,-103.4011342,"jul-10","KARITOS ESTANCIA INFANTILGuarderías del sector privado"
"19703",306128,"ODONTOLOGÍA INFANTIL","",621211,"Consultorios dentales del sector privado","0 a 5 personas","CARRETERA","TORREÓN-MATAMOROS","CALLE","47","CALLE","XOCHIMILCO","CALLE","PRESIDENTE CARRANZA",0,"SN","","","","","COLONIA","FELIPE ANGELES","","","",27080,5,"COAHUILA DE ZARAGOZA",35,"Torreón",1,"Torreón","314",32,"8713115470","","","Fijo",25.53542716,-103.3961982,"jul-10","ODONTOLOGÍA INFANTILConsultorios dentales del sector privado"
"19704",311900,"ODONTOLOGÍA INFANTIL DE LA LAGUNA, S.C.","ODONTOLOGÍA INFANTIL DE LA LAGUNA, S.C.",621211,"Consultorios dentales del sector privado","6 a 10 personas","CALZADA","SALTILLO 400","CALLE","PASEO VIENTO SUR","CALLE","PASEO DEL CICLÓN","CALLE","PALERMO",891,"","","","","","COLONIA","AMPLIACION LA ROSITA","","","",27250,5,"COAHUILA DE ZARAGOZA",35,"Torreón",1,"Torreón","1789",17,"8717210601","","","Fijo",25.51265945,-103.4059376,"jul-10","ODONTOLOGÍA INFANTIL DE LA LAGUNA, S.C.Consultorios dentales del sector privado"
"19816",279286,"SERVICIO INTEGRAL INFANTIL GUARDERIA PORVENIR","SERVICIO INTEGRAL INFANTIL, S.C.",624411,"Guarderías del sector privado","31 a 50 personas","BOULEVARD","EL TAJITO","PERIFÉRICO","RAUL LÓPEZ SÁNCHEZ","CALLE","NINGUNO","CALLE","NINGUNO",58,"B","","","","","FRACCIONAMIENTO","SAN LUCIANO","","","",27100,5,"COAHUILA DE ZARAGOZA",35,"Torreón",1,"Torreón","776",1,"8717479489","","","Fijo",25.58181347,-103.4157352,"dic-14","SERVICIO INTEGRAL INFANTIL GUARDERIA PORVENIRGuarderías del sector privado"
"24567",279210,"EL ALFILER COSTURAS Y VENTA DE ROPA INFANTIL","EL ALFILER",811499,"Reparación y mantenimiento de otros artículos para el hogar y personales","0 a 5 personas","CALLE","INDEPENDENCIA","CALZADA","LOS OLIVOS","CALLE","RUBÉN DARÍO","AVENIDA","LOPE DE VEGA",0,"SN","","","","","RESIDENCIAL","EL FRESNO","","","",27018,5,"COAHUILA DE ZARAGOZA",35,"Torreón",1,"Torreón","776",62,"8711820389","","","Fijo",25.57835784,-103.406303,"dic-14","EL ALFILER COSTURAS Y VENTA DE ROPA INFANTILReparación y mantenimiento de otros artículos para el hogar y personales"
"24969",279072,"ESTÉTICA INFANTIL COPETITOS","",812110,"Salones y clínicas de belleza y peluquerías","0 a 5 personas","CALLE","PASEO DEL MARATÓN ALGODÓN","CALLE","NINGUNO","CALZADA","CARLOS LÓPEZ SOSA","BOULEVARD","EMILIO LÓPEZ SÁNCHEZ",0,"SN","","","","","FRACCIONAMIENTO","VIÑEDOS","","","",27019,5,"COAHUILA DE ZARAGOZA",35,"Torreón",1,"Torreón","3889",2,"8717330515","","","Fijo",25.57267429,-103.3804653,"dic-14","ESTÉTICA INFANTIL COPETITOSSalones y clínicas de belleza y peluquerías"
"24970",311861,"ESTÉTICA INFANTIL ESTRELLITAS","",812110,"Salones y clínicas de belleza y peluquerías","0 a 5 personas","CALLE","PASEO DE LOS CALVOS","CALLE","PASEO DE LOS AZULEJOS","CALZADA","SALTILLO 400","CALLE","PASEO DE LA LAGUNA",907,"","","","","","COLONIA","CAMPESTRE LA ROSITA","","PLAZA COMERCIAL LAS PALMAS","",27250,5,"COAHUILA DE ZARAGOZA",35,"Torreón",1,"Torreón","169A",39,"","","","Fijo",25.51639382,-103.40647,"jul-10","ESTÉTICA INFANTIL ESTRELLITASSalones y clínicas de belleza y peluquerías"
"24971",311999,"ESTÉTICA INFANTIL TIJERITAS","",812110,"Salones y clínicas de belleza y peluquerías","0 a 5 personas","CALZADA","DIVISIÓN DEL NORTE","CALLE","AMÉRICA","AVENIDA","PASEO DEL TECNOLÓGICO","CALLE","EUROPA",0,"SN","","","","","COLONIA","RINCON DE LA HACIENDA","","","",27271,5,"COAHUILA DE ZARAGOZA",35,"Torreón",1,"Torreón","1064",38,"","","","Fijo",25.51607421,-103.3939602,"jul-10","ESTÉTICA INFANTIL TIJERITASSalones y clínicas de belleza y peluquerías"
"34444",1062628,"MUNDO INFANTIL","",463212,"Comercio al por menor de ropa de bebé","0 a 5 personas","AVENIDA","VICTORIA","CALLE","PATONI","CALLE","ESCOBEDO","AVENIDA","MORELOS",350,"","","","","","COLONIA","CENTRO","","","",35000,10,"DURANGO",7,"Gómez Palacio",1,"Gómez Palacio","861",5,"8717233627","","","Fijo",25.56465627,-103.49628,"jul-10","MUNDO INFANTILComercio al por menor de ropa de bebé"
"37298",1066020,"SALÓN DE FIESTAS INFANTILES CHARLY","",531113,"Alquiler sin intermediación de salones para fiestas y convenciones","0 a 5 personas","CALLE","CANADÁ","AVENIDA","MORELOS","AVENIDA","VICTORIA","CALLE","VICTORIA",345,"","","","","","FRACCIONAMIENTO","LOS ALAMOS","","","",35024,10,"DURANGO",7,"Gómez Palacio",1,"Gómez Palacio","537",16,"","","","Fijo",25.58221351,-103.5051785,"jul-10","SALÓN DE FIESTAS INFANTILES CHARLYAlquiler sin intermediación de salones para fiestas y convenciones"
"37299",1101189,"SALÓN DE FIESTAS INFANTILES DEL MARQUEZ","",531113,"Alquiler sin intermediación de salones para fiestas y convenciones","0 a 5 personas","AVENIDA","ELÍPTICA","ANDADOR","BOREAL","ANDADOR","BOYERO","ANDADOR","DELFÍN",124,"","","","","","FRACCIONAMIENTO","MORELOS II","","","",35026,10,"DURANGO",7,"Gómez Palacio",1,"Gómez Palacio","1732",13,"","","","Fijo",25.56925311,-103.5186879,"jul-10","SALÓN DE FIESTAS INFANTILES DEL MARQUEZAlquiler sin intermediación de salones para fiestas y convenciones"
"37300",1103906,"SALÓN DE FIESTAS INFANTILES DON QUIJOTE","",531113,"Alquiler sin intermediación de salones para fiestas y convenciones","0 a 5 personas","CALLE","OCTAVA","PROLONGACIÓN","MORELOS","CALLE","DE LOS CIRUELOS","CALLE","NINGUNO",0,"SN","","","","","FRACCIONAMIENTO","LOS ALAMOS","","","",35020,10,"DURANGO",7,"Gómez Palacio",1,"Gómez Palacio","1183",27,"8717155263","","","Fijo",25.59700657,-103.5104965,"dic-14","SALÓN DE FIESTAS INFANTILES DON QUIJOTEAlquiler sin intermediación de salones para fiestas y convenciones"
"37301",1063472,"SALÓN DE FIESTAS INFANTILES EL MIRADOR","",531113,"Alquiler sin intermediación de salones para fiestas y convenciones","0 a 5 personas","CALLE","URREA","AVENIDA","ABASOLO","AVENIDA","TRUJANO","CALLE","IGNACIO DE LA LLAVE",665,"BIS","","","","","COLONIA","CENTRO","","","",35000,10,"DURANGO",7,"Gómez Palacio",1,"Gómez Palacio","2105",24,"","","","Fijo",25.55785384,-103.5011566,"jul-10","SALÓN DE FIESTAS INFANTILES EL MIRADORAlquiler sin intermediación de salones para fiestas y convenciones"
"37302",1065860,"SALÓN DE FIESTAS INFANTILES ROGER TOWN","",531113,"Alquiler sin intermediación de salones para fiestas y convenciones","0 a 5 personas","CALLE","VERONA","AVENIDA","INGENIEROS","AVENIDA","FRANCISCO VILLA","CALLE","SELECCIONE UNA OPCIÓN VERONA",490,"","","","","","RINCONADA","NAPOLES","","","",35018,10,"DURANGO",7,"Gómez Palacio",1,"Gómez Palacio","1681",7,"8717512858","","","Fijo",25.58953148,-103.4942492,"jul-10","SALÓN DE FIESTAS INFANTILES ROGER TOWNAlquiler sin intermediación de salones para fiestas y convenciones"
"37349",1070490,"SALÓN PARA FIESTAS INFANTILES LOS PORTALES","",531113,"Alquiler sin intermediación de salones para fiestas y convenciones","0 a 5 personas","CALLE","FRANCISCO I. MADERO","CALLE","HIDALGO","CALLE","ZARAGOZA","CALLE","BRAVO",0,"SN","","","","","EJIDO","LA LOMA","","","",35190,10,"DURANGO",12,"Lerdo",23,"La Loma","115A",20,"","","","Fijo",25.46528248,-103.6734633,"jul-10","SALÓN PARA FIESTAS INFANTILES LOS PORTALESAlquiler sin intermediación de salones para fiestas y convenciones"
"37972",1067897,"CENTRO DE DESARROLLO INFANTIL","SECRETARÍA DE EDUCACIÓN PÚBLICA",611112,"Escuelas de educación preescolar del sector público","31 a 50 personas","PRIVADA","NINGUNO","CALLE","FRANCISCO I MADERO","BOULEVARD","MIGUEL ALEMÁN","PROLONGACIÓN","COAHUILA",0,"SN","","","","","COLONIA","NIÑOS HÉROES","","","",35157,10,"DURANGO",12,"Lerdo",1,"Lerdo","24",2,"8717253181","","","Fijo",25.55047758,-103.5148114,"jul-10","CENTRO DE DESARROLLO INFANTILEscuelas de educación preescolar del sector público"
"37979",1068308,"CENTRO MATERNO INFANTIL LAS PALMAS","",611111,"Escuelas de educación preescolar del sector privado","6 a 10 personas","CALLE","PALMA COCOTEROS","CALLE","DÁTILES","CALLE","PALMA YUCCA","CALLE","PALMA FÉNIZ",115,"","","","","","COLONIA","LAS PALMAS","","","",35168,10,"DURANGO",12,"Lerdo",1,"Lerdo","1056",13,"8717257605","CMI_LASPALMAS2@HOTMAIL.COM","","Fijo",25.53845098,-103.5137713,"jul-10","CENTRO MATERNO INFANTIL LAS PALMASEscuelas de educación preescolar del sector privado"
"38296",1068837,"INSTITUTO INFANTIL DE LERDO, A.C.","INSTITUCIÓN INFANTIL DE LERDO, A.C.",611111,"Escuelas de educación preescolar del sector privado","6 a 10 personas","CALLE","GÓMEZ PALACIO","AVENIDA","JUÁREZ","AVENIDA","JUAN E. GARCÍA","CALLE","NICOLÁS BRAVO",360,"","","","","","COLONIA","CENTRO","","","",35150,10,"DURANGO",12,"Lerdo",1,"Lerdo","556",12,"8717259160","INSTITUCIONINFANTIL@HOTMAIL.COM","","Fijo",25.53082991,-103.5228861,"jul-10","INSTITUTO INFANTIL DE LERDO, A.C.Escuelas de educación preescolar del sector privado"
"38321",1062875,"JARDÍN DE NIÑOS BILINGUE NUEVO MUNDO INFANTIL","",611111,"Escuelas de educación preescolar del sector privado","6 a 10 personas","AVENIDA","UNIVERSIDAD","CALLE","3","CALLE","2","AVENIDA","INGENIEROS",306,"","","","","","COLONIA","FILADELFIA","","","",35010,10,"DURANGO",7,"Gómez Palacio",1,"Gómez Palacio","1357",26,"8717156547","","","Fijo",25.5808227,-103.4973271,"jul-10","JARDÍN DE NIÑOS BILINGUE NUEVO MUNDO INFANTILEscuelas de educación preescolar del sector privado"
"38537",1066045,"CASA DE ATENCIÓN INFANTIL","",624411,"Guarderías del sector privado","0 a 5 personas","CALLE","AMAPOLAS","CALLE","DALIAS","CALLE","NINGUNO","CALZADA","GIRASOLES",132,"","","","","","COLONIA","SOLIDARIDAD","","","",35017,10,"DURANGO",7,"Gómez Palacio",1,"Gómez Palacio","1624",10,"","","","Fijo",25.61236732,-103.5076003,"jul-10","CASA DE ATENCIÓN INFANTILGuarderías del sector privado"
"38538",1064001,"CASA DE ATENCIÓN INFANTIL","AYUNTAMIENTO DE GOMEZ PALACIO",624412,"Guarderías del sector público","0 a 5 personas","AVENIDA","ABELARDO RODRÍGUEZ","CALLE","ESCOBEDO","PRIVADA","PATONI","AVENIDA","ABELARDO RODRÍGUEZ",0,"SN","","","","","COLONIA","TIERRA BLANCA","","","",35040,10,"DURANGO",7,"Gómez Palacio",1,"Gómez Palacio","838",35,"","","","Fijo",25.56942043,-103.4861042,"jul-10","CASA DE ATENCIÓN INFANTILGuarderías del sector público"
"38561",1103362,"CENTRO DE DESARROLLO INFANTIL","CENTRO DE DESARROLLO INFANTIL",624412,"Guarderías del sector público","6 a 10 personas","CALLE","SAN MARCOS","CALLE","SAN MARTÍN","BOULEVARD","SAN ANTONIO","CALLE","S. NEMESIO",0,"SN","","","","","FRACCIONAMIENTO","SAN ANTONIO","","","",35015,10,"DURANGO",7,"Gómez Palacio",1,"Gómez Palacio","1677",29,"","","","Semifijo",25.59935031,-103.4849968,"dic-14","CENTRO DE DESARROLLO INFANTILGuarderías del sector público"
"38567",6266080,"CENTRO DE REHABILITACIÓN E INCLUSIÓN INFANTIL TELETON DURANGO","FUNDACION TELETON MEXICO AC",621341,"Consultorios del sector privado de audiología y de terapia ocupacional, física y del lenguaje","51 a 100 personas","","NINGUNO","CALLE","MÉXICO","","NINGUNO","","NINGUNO",999,"","","","","","COLONIA","15 DE MAYO","","","",35076,10,"DURANGO",7,"Gómez Palacio",1,"Gómez Palacio","1412",16,"","","","Fijo",25.57988662,-103.4691574,"dic-14","CENTRO DE REHABILITACIÓN E INCLUSIÓN INFANTIL TELETON DURANGOConsultorios del sector privado de audiología y de terapia ocupacional, física y del lenguaje"
"38668",1105587,"CONSULTORIO DENTAL INFANTIL","",621211,"Consultorios dentales del sector privado","0 a 5 personas","CALLE","GALEANA","AVENIDA","SABRABIA","AVENIDA","MADERO","CALLE","ABASOLO",17,"","","","","","COLONIA","CENTRO","","","",35150,10,"DURANGO",12,"Lerdo",1,"Lerdo","39",11,"8717252929","NADIAENEVI@HOTMAIL.COM","","Fijo",25.54044971,-103.5233457,"dic-14","CONSULTORIO DENTAL INFANTILConsultorios dentales del sector privado"
"38870",1065712,"ESTANCIA INFANTIL ANGELITOS","",624411,"Guarderías del sector privado","6 a 10 personas","CALLE","UNDÉCIMA","PROLONGACIÓN","MORELOS","CALLE","NINGUNO","AVENIDA","DE LOS CIRUELOS",395,"","","","","","FRACCIONAMIENTO","LOS ALAMOS","","","",35024,10,"DURANGO",7,"Gómez Palacio",1,"Gómez Palacio","1183",15,"8712271802","ANGELITOS_IRMA81@OUTLOOK.COM","","Fijo",25.59882114,-103.5105459,"jul-10","ESTANCIA INFANTIL ANGELITOSGuarderías del sector privado"
"38871",1105653,"ESTANCIA INFANTIL APRENDE JUGANDO","",624411,"Guarderías del sector privado","0 a 5 personas","AVENIDA","JUÁREZ","CALLE","ZACATECAS","CALLE","PINO SUÁREZ","PRIVADA","BERTHA",0,"SN","","","","","COLONIA","CENTRO","","","",35150,10,"DURANGO",12,"Lerdo",1,"Lerdo","556",15,"","","","Fijo",25.52936609,-103.5238744,"dic-14","ESTANCIA INFANTIL APRENDE JUGANDOGuarderías del sector privado"
"38872",1065544,"ESTANCIA INFANTIL ARBOL MAGICO","",624411,"Guarderías del sector privado","6 a 10 personas","CALLE","LEANDRO VALLE","AVENIDA","MORELOS","PRIVADA","MORELOS","CALLE","5 DE FEBRERO",209,"","","","","","COLONIA","CENTRO","","","",35000,10,"DURANGO",7,"Gómez Palacio",1,"Gómez Palacio","607",3,"8712687522","","","Fijo",25.57621593,-103.5036073,"jul-10","ESTANCIA INFANTIL ARBOL MAGICOGuarderías del sector privado"
"38873",1066697,"ESTANCIA INFANTIL ARCO IRIS MAGICO","",624411,"Guarderías del sector privado","0 a 5 personas","CALLE","NINGUNO","","NINGUNO","","NINGUNO","CALLE","NINGUNO",0,"SN","","","","","EJIDO","SAN FELIPE","ESCUELA","SIN NOMBRE","SN",35118,10,"DURANGO",7,"Gómez Palacio",135,"San Felipe","1906",20,"","","","Fijo",25.69448636,-103.381354,"jul-10","ESTANCIA INFANTIL ARCO IRIS MAGICOGuarderías del sector privado"
"38874",1101390,"ESTANCIA INFANTIL CESARIN SEDESOL","SECRETARÍA DE DESARROLLO SOCIAL",624412,"Guarderías del sector público","0 a 5 personas","CALLE","CUENCAMÉ","AVENIDA","MINA","AVENIDA","HIDALGO","CALLE","PRIMERA",196,"","","","","","COLONIA","NUEVO REFUGIO","","","",35029,10,"DURANGO",7,"Gómez Palacio",1,"Gómez Palacio","186A",31,"8713114471","","","Fijo",25.583723,-103.5096595,"dic-14","ESTANCIA INFANTIL CESARIN SEDESOLGuarderías del sector público"
"38875",1101531,"ESTANCIA INFANTIL COLORINES","",624411,"Guarderías del sector privado","11 a 30 personas","AVENIDA","MORELOS","CALLE","AZUCENAS","CALLE","LAUREL","PRIVADA","MORELOS",535,"","","","","","COLONIA","EL REFUGIO","","","",35029,10,"DURANGO",7,"Gómez Palacio",1,"Gómez Palacio","186A",9,"8717144311","MELESIOESQUIVEL_A@HOTMAIL.COM","","Fijo",25.58270216,-103.5060635,"dic-14","ESTANCIA INFANTIL COLORINESGuarderías del sector privado"
"38876",1066078,"ESTANCIA INFANTIL CORAZÓN DE AMOR","",624411,"Guarderías del sector privado","0 a 5 personas","AVENIDA","AZUCENAS","CALLE","CLAVELES","CALLE","TASODUCTO","CALLE","NINGUNO",0,"SN","","","","","COLONIA","SOLIDARIDAD","","","",35017,10,"DURANGO",7,"Gómez Palacio",1,"Gómez Palacio","161A",11,"8711669940","","","Fijo",25.61423164,-103.509963,"jul-10","ESTANCIA INFANTIL CORAZÓN DE AMORGuarderías del sector privado"
"38877",1106354,"ESTANCIA INFANTIL DARALE","",624411,"Guarderías del sector privado","6 a 10 personas","CALLE","FRESNOS","CALLE","REINA DE ARGENTINA","CALLE","GERANIOS","CALLE","NOGALES",0,"SN","","","","","COLONIA","LAS REYNAS","","","",35158,10,"DURANGO",12,"Lerdo",1,"Lerdo","715",49,"8717144958","ESTANCIA_DARALE@HOTMAIL.COM","","Fijo",25.55660216,-103.514782,"dic-14","ESTANCIA INFANTIL DARALEGuarderías del sector privado"
"38878",1062968,"ESTANCIA INFANTIL DEL DIF","",624412,"Guarderías del sector público","0 a 5 personas","CALLE","EMILIANO ZAPATA","CALLE","RUBÉN JARAMILLO","CALLE","HERREROS","AVENIDA","NACIONAL",0,"SN","","","","","AMPLIACIÓN","FELIPE ANGELES","","","",35046,10,"DURANGO",7,"Gómez Palacio",1,"Gómez Palacio","1408",20,"","","","Fijo",25.58106471,-103.4845131,"jul-10","ESTANCIA INFANTIL DEL DIFGuarderías del sector público"
"38879",1068142,"ESTANCIA INFANTIL DIF MIS PEQUEÑOS SOLECITOS","SISTEMA PARA EL DESARROLLO INTEGRAL DE LA FAMILIA DE LERDO",624412,"Guarderías del sector público","6 a 10 personas","AVENIDA","BELISARIO DOMÍNGUEZ","CALLE","MIGUEL HIDALGO","CALLE","ALLENDE","AVENIDA","AQUILES SERDÁN",64,"","","","","","COLONIA","CENTRO","","","",35150,10,"DURANGO",12,"Lerdo",1,"Lerdo","490",14,"8717252246","","","Fijo",25.53771434,-103.5284276,"jul-10","ESTANCIA INFANTIL DIF MIS PEQUEÑOS SOLECITOSGuarderías del sector público"
"38880",1065859,"ESTANCIA INFANTIL DIF VILLA NAPOLES","ESTANCIAS INFANTILES DIF",624412,"Guarderías del sector público","6 a 10 personas","CALLE","VERONA","CALLE","VENECIA","AVENIDA","FRANCISCO VILLA","CALLE","VERONA",0,"SN","","","","","RINCONADA","VILLA NAPOLES","","","",35018,10,"DURANGO",7,"Gómez Palacio",1,"Gómez Palacio","1681",7,"8717375514","","","Fijo",25.5894265,-103.494479,"jul-10","ESTANCIA INFANTIL DIF VILLA NAPOLESGuarderías del sector público"
"38881",1099136,"ESTANCIA INFANTIL DIME FELIPE ÁNGELES","",624411,"Guarderías del sector privado","0 a 5 personas","CALLE","DOCTOR VALENTÍN GÓMEZ FARÍAS","AVENIDA","JUAN ÁLVAREZ","AVENIDA","MANUEL ÁVILA CAMACHO","CALLE","ANASTASIO BUSTAMANTE",326,"","","","","","COLONIA","5 DE MAYO","","","",35040,10,"DURANGO",7,"Gómez Palacio",1,"Gómez Palacio","679",14,"8717143430","","","Fijo",25.5788769,-103.4899649,"dic-14","ESTANCIA INFANTIL DIME FELIPE ÁNGELESGuarderías del sector privado"
"38882",1100909,"ESTANCIA INFANTIL GARABATOS","",624411,"Guarderías del sector privado","0 a 5 personas","AVENIDA","PONIENTE","CALLE","BUGAMBILIAS","CALLE","CLAVELES","CALLE","BUGAMBILIAS",296,"","","","","","FRACCIONAMIENTO","VALLES DE CHAPALA","","","",35025,10,"DURANGO",7,"Gómez Palacio",1,"Gómez Palacio","193A",11,"8712902719","CAROLINNAE077@HOTMAIL.COM","","Fijo",25.58190108,-103.5293817,"dic-14","ESTANCIA INFANTIL GARABATOSGuarderías del sector privado"
"38883",1099281,"ESTANCIA INFANTIL GOTAS DE LLUVIA","",624411,"Guarderías del sector privado","6 a 10 personas","CALLE","LLUVIA","CALLE","COSTA","CALLE","DUNAS","AVENIDA","LIBERTAD",0,"SN","","","","","FRACCIONAMIENTO","SANTA ROSA","","","",35078,10,"DURANGO",7,"Gómez Palacio",1,"Gómez Palacio","1889",27,"","","","Fijo",25.57085116,-103.4693502,"dic-14","ESTANCIA INFANTIL GOTAS DE LLUVIAGuarderías del sector privado"
"38884",1061966,"ESTANCIA INFANTIL ISSSTE","ISSSTE",624412,"Guarderías del sector público","31 a 50 personas","CALLE","RÍO GRIJALVA","CALLE","VEJEL","CALLE","RÍO CONCHOS","CALLE","NARCISO MENDOZA",917,"","","","","","COLONIA","EL BOSQUE","","","",35031,10,"DURANGO",7,"Gómez Palacio",1,"Gómez Palacio","734",16,"8717146475","","","Fijo",25.5723622,-103.4932855,"jul-10","ESTANCIA INFANTIL ISSSTEGuarderías del sector público"
"38885",1062852,"ESTANCIA INFANTIL LIBEMOR","",624411,"Guarderías del sector privado","6 a 10 personas","AVENIDA","INGENIEROS","CALLE","19","CALLE","18","AVENIDA","ARQUITECTOS",888,"","","","","","COLONIA","FILADELFIA","","","",35010,10,"DURANGO",7,"Gómez Palacio",1,"Gómez Palacio","1357",8,"8717487918","LIBEMOR-.ALEDGO@HOTMAIL.COM","","Fijo",25.58506573,-103.4938401,"jul-10","ESTANCIA INFANTIL LIBEMORGuarderías del sector privado"
"38886",1105462,"ESTANCIA INFANTIL LIZZANDRA","",624411,"Guarderías del sector privado","0 a 5 personas","CALLE","ZARCO","CALLE","BENITO JUÁREZ","CALLE","GUADALUPE VICTORIA","CALLE","FRANCISCO I. MADERO",0,"SN","","","","","VILLA","NAZARENO","","","",35188,10,"DURANGO",12,"Lerdo",28,"Nazareno","1179",2,"","","","Fijo",25.3991407,-103.4219641,"dic-14","ESTANCIA INFANTIL LIZZANDRAGuarderías del sector privado"
"38887",1099522,"ESTANCIA INFANTIL NANY","",624412,"Guarderías del sector público","0 a 5 personas","CALLE","SAN IGNACIO","PRIVADA","NINGUNO","AVENIDA","INDEPENDENCIA","CALLE","S. UGALDE",930,"","","","","","COLONIA","AMPLIACION BELLAVISTA","","","",35050,10,"DURANGO",7,"Gómez Palacio",1,"Gómez Palacio","857",7,"","","","Fijo",25.56000506,-103.5131726,"dic-14","ESTANCIA INFANTIL NANYGuarderías del sector público"
"38888",1068326,"ESTANCIA INFANTIL NUEVO AMANECER","",624411,"Guarderías del sector privado","0 a 5 personas","PRIVADA","PRIMERA JUAN E. GARCÍA","CALLE","MORELOS","CALLE","VICENTE GUERRERO","AVENIDA","JUAN E. GARCÍA",0,"SN","","","","","COLONIA","CENTRO","","","",35150,10,"DURANGO",12,"Lerdo",1,"Lerdo","503",22,"8717251708","","","Fijo",25.53747295,-103.5198494,"jul-10","ESTANCIA INFANTIL NUEVO AMANECERGuarderías del sector privado"
"38889",1064885,"ESTANCIA INFANTIL PEQUEÑOS ANGELITOS","",624411,"Guarderías del sector privado","0 a 5 personas","AVENIDA","ARMANDO DEL CASTILLO FRANCO","ANDADOR","20","CALLE","18","ANDADOR","17",229,"","","","","","COLONIA","FIDEL VELAZQUEZ","","","",35025,10,"DURANGO",7,"Gómez Palacio",1,"Gómez Palacio","560",24,"","","","Fijo",25.57387413,-103.5258211,"jul-10","ESTANCIA INFANTIL PEQUEÑOS ANGELITOSGuarderías del sector privado"
"38890",1103567,"ESTANCIA INFANTIL PEQUEÑOS GUERREROS","",624411,"Guarderías del sector privado","0 a 5 personas","CALLE","TORRE VIEJA","CIRCUITO","BARCELONA","CALLE","SANTA CRUZ","CALLE","TORRE VIEJA",162,"","","","","","FRACCIONAMIENTO","SANTA SOFIA","","","",35029,10,"DURANGO",7,"Gómez Palacio",1,"Gómez Palacio","2393",7,"","","","Fijo",25.59695039,-103.5166259,"dic-14","ESTANCIA INFANTIL PEQUEÑOS GUERREROSGuarderías del sector privado"
"38891",1063815,"ESTANCIA INFANTIL PEQUEÑOS GUERREROS","",624411,"Guarderías del sector privado","0 a 5 personas","AVENIDA","CUAUHTÉMOC","CALLE","URREA","CALLE","FRANCISCO ZARCO","AVENIDA","GUICHO CISNEROS",720,"","","","","","COLONIA","SANTA ROSA","","","",35040,10,"DURANGO",7,"Gómez Palacio",1,"Gómez Palacio","876",5,"8717237744","","","Fijo",25.56304136,-103.4902204,"jul-10","ESTANCIA INFANTIL PEQUEÑOS GUERREROSGuarderías del sector privado"
"38892",1106369,"ESTANCIA INFANTIL PERSONITAS","",624411,"Guarderías del sector privado","0 a 5 personas","CALLE","IGNACIO MANUEL ALTAMIRANO","CALLE","CALMÉCAC","CALLE","UNIVERSIDAD","CALLE","ENRIQUE RÉBSAMEN",149,"","","","","","COLONIA","MAGISTERIAL","","","",35168,10,"DURANGO",12,"Lerdo",1,"Lerdo","072A",34,"8711775075","","","Fijo",25.5550483,-103.5093007,"dic-14","ESTANCIA INFANTIL PERSONITASGuarderías del sector privado"
"38893",1061266,"ESTANCIA INFANTIL PINZINTLI","",624411,"Guarderías del sector privado","31 a 50 personas","CALLE","PEREYRA","AVENIDA","16 DE SEPTIEMBRE","CALLE","JESÚS FLORES","AVENIDA","16 DE SEPTIEMBRE",13,"","","","","","COLONIA","REVOLUCION","","","",35050,10,"DURANGO",7,"Gómez Palacio",1,"Gómez Palacio","857",12,"8717234606","","","Fijo",25.56021261,-103.5067335,"jul-10","ESTANCIA INFANTIL PINZINTLIGuarderías del sector privado"
"38894",1102899,"ESTANCIA INFANTIL PRIMAVERA","",624411,"Guarderías del sector privado","0 a 5 personas","CALLE","MALVAS","AVENIDA","CLAVELES","AVENIDA","LIRIOS","CALLE","LUCIO GÓMEZ",0,"SN","","","","","COLONIA","PRIMAVERA","","","",35046,10,"DURANGO",7,"Gómez Palacio",1,"Gómez Palacio","1338",17,"8717231101","","","Fijo",25.58562062,-103.4835985,"dic-14","ESTANCIA INFANTIL PRIMAVERAGuarderías del sector privado"
"38895",1065476,"ESTANCIA INFANTIL RAYITO DE LUZ","",624411,"Guarderías del sector privado","0 a 5 personas","ANDADOR","RUBÍ","CALLE","AMATISTA","CALLE","ÁGATA","AVENIDA","DIAMANTE",0,"SN","","","","","COLONIA","LOS ALAMOS","","","",35020,10,"DURANGO",7,"Gómez Palacio",1,"Gómez Palacio","594",16,"","","","Fijo",25.5768403,-103.5099538,"jul-10","ESTANCIA INFANTIL RAYITO DE LUZGuarderías del sector privado"
"38896",1103530,"ESTANCIA INFANTIL SUEÑOS MAGICOS","",624411,"Guarderías del sector privado","0 a 5 personas","CALLE","DE LAS VIOLETAS","CALLE","DE LOS ZEMPUALES","CALLE","DE LAS GARDENIAS","CALLE","F. FRESNO",1054,"","","","","","FRACCIONAMIENTO","RINCONADA BUGAMBILIAS","","","",35010,10,"DURANGO",7,"Gómez Palacio",1,"Gómez Palacio","2035",34,"","","","Fijo",25.59022295,-103.4867466,"dic-14","ESTANCIA INFANTIL SUEÑOS MAGICOSGuarderías del sector privado"
"38897",1064123,"ESTANCIA INFANTIL TIERRA BLANCA","DESARROLLO INTEGRAL DE LA FAMILIA",624412,"Guarderías del sector público","6 a 10 personas","CALLE","EMILIANO ZAPATA","AVENIDA","GENERAL FRANCISCO VILLA","AVENIDA","ABELARDO RODRÍGUEZ","CALLE","PATONI",0,"SN","","","","","COLONIA","TIERRA BLANCA","","","",35064,10,"DURANGO",7,"Gómez Palacio",1,"Gómez Palacio","147A",17,"8717199808","","","Fijo",25.56828986,-103.4859087,"jul-10","ESTANCIA INFANTIL TIERRA BLANCAGuarderías del sector público"
"38898",1103116,"ESTANCIA INFANTIL TITO´S","ESTANCIA INFANTIL TITO´S",624411,"Guarderías del sector privado","0 a 5 personas","AVENIDA","SINALOA","CALLE","ZACATECAS","CALZADA","DURANGO","AVENIDA","SINALOA",455,"","","","","","FRACCIONAMIENTO","SANTA TERESA","","","",35049,10,"DURANGO",7,"Gómez Palacio",1,"Gómez Palacio","2016",20,"","","","Fijo",25.58715862,-103.4623922,"dic-14","ESTANCIA INFANTIL TITO´SGuarderías del sector privado"
"38899",1101055,"ESTANCIA INFANTIL VALLE ENCANTADO","",624411,"Guarderías del sector privado","0 a 5 personas","AVENIDA","FERNANDO AMILPA","CALLE","26","ANDADOR","24","ANDADOR","23",536,"","","","","","COLONIA","FIDEL VELAZQUEZ","","","",35025,10,"DURANGO",7,"Gómez Palacio",1,"Gómez Palacio","1094",23,"","","","Fijo",25.57566161,-103.5271529,"dic-14","ESTANCIA INFANTIL VALLE ENCANTADOGuarderías del sector privado"
"38900",1102915,"ESTANCIA INFANTIL VILLA ALEGRÍA","",624411,"Guarderías del sector privado","6 a 10 personas","CALLE","INDEPENDENCIA","CALLE","FRANCISCO VILLA","PRIVADA","GASODUCTO","BOULEVARD","EJÉRCITO MEXICANO",0,"SN","","","","","COLONIA","NICOLAS FERNANDEZ","","","",35049,10,"DURANGO",7,"Gómez Palacio",1,"Gómez Palacio","1840",4,"8717290785","","","Fijo",25.58649772,-103.4786179,"dic-14","ESTANCIA INFANTIL VILLA ALEGRÍAGuarderías del sector privado"
"38901",1099000,"ESTANCIA INFANTIL VLLA DE SANTIAGO","",624411,"Guarderías del sector privado","0 a 5 personas","CALLE","CONSTITUCIÓN","AVENIDA","ALLENDE","AVENIDA","VICTORIA","CALLE","SANTIAGO LAVIN",302,"","","","","","COLONIA","CENTRO","","","",35000,10,"DURANGO",7,"Gómez Palacio",1,"Gómez Palacio","072A",27,"8717145602","","","Fijo",25.57073644,-103.4993142,"dic-14","ESTANCIA INFANTIL VLLA DE SANTIAGOGuarderías del sector privado"
"38940",1099404,"GUARDERIA INFANTIL 001","INSTITUTO MEXICANO DEL SEGURO SOCIAL",624412,"Guarderías del sector público","51 a 100 personas","CALZADA","LÁZARO CÁRDENAS","BOULEVARD","FRANCISCO GONZÁLEZ DE LA VEGA","CIRCUITO","CENTRAL","CIRCUITO","CENTRAL",307,"","","","","","PARQUE INDUSTRIAL","PARQUE INDUSTRIAL LAGUNERO","PARQUE INDUSTRIAL","LAGUNERO","307",35077,10,"DURANGO",7,"Gómez Palacio",1,"Gómez Palacio","202",16,"8717190687","","","Fijo",25.56064707,-103.4721586,"dic-14","GUARDERIA INFANTIL 001Guarderías del sector público"
"38941",1066428,"GUARDERIA INFANTIL SAN ANTONIO","",624411,"Guarderías del sector privado","0 a 5 personas","CALLE","S. ÁNGEL ABRAHAM","CALLE","SAN MARTÍN","BOULEVARD","SAN ANTONIO","CALLE","SAN BENITO",105,"","","","","","FRACCIONAMIENTO","SAN ANTONIO","","","",35015,10,"DURANGO",7,"Gómez Palacio",1,"Gómez Palacio","1677",27,"8717523933","","","Fijo",25.59454164,-103.4835393,"jul-10","GUARDERIA INFANTIL SAN ANTONIOGuarderías del sector privado"
"38955",1105672,"INSTITUCIÓN INFANTIL DE LERDO","",624412,"Guarderías del sector público","11 a 30 personas","CALLE","GÓMEZ PALACIO","AVENIDA","JUÁREZ","AVENIDA","JUAN E. GARCÍA","CALLE","NICOLÁS BRAVO",360,"","","","","","COLONIA","CENTRO","","","",35150,10,"DURANGO",12,"Lerdo",1,"Lerdo","556",12,"8711593451","INSTITUCIONINFANTIL@HOTMAIL.COM","","Fijo",25.53083791,-103.522939,"dic-14","INSTITUCIÓN INFANTIL DE LERDOGuarderías del sector público"
"38961",1068196,"JARDÍN DE NIÑOS MUNDO INFANTIL","",624411,"Guarderías del sector privado","0 a 5 personas","AVENIDA","GLADIOLAS","CALLE","BEGONIAS","CALLE","AZUCENAS","AVENIDA","HORTENCIAS",0,"SN","","","","","COLONIA","VILLA JARDÍN","","","",35160,10,"DURANGO",12,"Lerdo",1,"Lerdo","1450",12,"8717255931","","","Fijo",25.54616778,-103.511158,"jul-10","JARDÍN DE NIÑOS MUNDO INFANTILGuarderías del sector privado"
"39013",1063640,"ODONTOLOGÍA INFANTIL ESPECIALIZADA","",621211,"Consultorios dentales del sector privado","0 a 5 personas","AVENIDA","VICTORIA","CALLE","ALBERTO ALVARADO","CALLE","DURANGO","AVENIDA","ALLENDE",1500,"","","","","","COLONIA","CENTRO","","","",35000,10,"DURANGO",7,"Gómez Palacio",1,"Gómez Palacio","170",2,"","","","Fijo",25.55523111,-103.4909727,"jul-10","ODONTOLOGÍA INFANTIL ESPECIALIZADAConsultorios dentales del sector privado"
"41755",1106669,"D´PEKES ESTÉTICA INFANTIL","",812110,"Salones y clínicas de belleza y peluquerías","0 a 5 personas","AVENIDA","PASEO DEL TECNOLÓGICO","CALZADA","HIDALGO","CALLE","BADIANES","CALLE","NINGUNO",0,"SN","","","","","COLONIA","QUINTAS SAN ISIDRO","","","",35158,10,"DURANGO",12,"Lerdo",1,"Lerdo","1910",7,"","","","Fijo",25.55486137,-103.5340822,"dic-14","D´PEKES ESTÉTICA INFANTILSalones y clínicas de belleza y peluquerías"
